timestamp,symbol,rank,entry_score,entry_price,entry_date,days_held,current_price,pnl_pct,pnl_usd
2026-08-26T08:00:40,XLV,,0.16456935123042515,166.58,2026-08-17,9,175.295,5.232,766.92
2026-08-26T08:00:40,XLF,,0.13305978898007043,57.99,2026-08-17,9,58.295,0.526,77.16
2026-08-26T08:00:40,XLE,,0.08798320797621129,62.2,2026-08-17,9,62.08,-0.193,-28.2
2026-08-26T08:00:40,XLB,,0.065,53.54,2026-08-24,2,53.59,0.093,2.5
2026-08-26T08:00:40,XLI,,0.049,180.25,2026-08-24,2,178.41,-1.021,-92.0
2026-08-26T08:00:40,XLK,,0.016,183.35,2026-08-24,2,181.76,-0.867,-79.5
2026-08-26T08:00:40,XLP,,0.014,85.99,2026-08-24,2,86.495,0.587,25.25
2026-08-26T08:00:40,XLRE,,0.012,45.08,2026-08-24,2,45.36,0.621,14.0
2026-08-26T08:00:40,XLY,,-0.01,118.02,2026-08-24,2,117.935,-0.072,-3.48
2026-08-26T08:00:40,XLC,,-0.035,111.4,2026-08-24,2,113.18,1.598,39.16
2026-08-26T08:01:08,XLV,,0.16456935123042515,166.58,2026-08-17,9,175.295,5.232,766.92
2026-08-26T08:01:08,XLF,,0.13305978898007043,57.99,2026-08-17,9,58.295,0.526,77.16
2026-08-26T08:01:08,XLE,,0.08798320797621129,62.2,2026-08-17,9,62.08,-0.193,-28.2
2026-08-26T08:01:08,XLB,,0.065,53.54,2026-08-24,2,53.59,0.093,2.5
2026-08-26T08:01:08,XLI,,0.049,180.25,2026-08-24,2,178.41,-1.021,-92.0
2026-08-26T08:01:08,XLK,,0.016,183.35,2026-08-24,2,181.76,-0.867,-79.5
2026-08-26T08:01:08,XLP,,0.014,85.99,2026-08-24,2,86.495,0.587,25.25
2026-08-26T08:01:08,XLRE,,0.012,45.08,2026-08-24,2,45.36,0.621,14.0
2026-08-26T08:01:08,XLY,,-0.01,118.02,2026-08-24,2,117.935,-0.072,-3.48
2026-08-26T08:01:08,XLC,,-0.035,111.4,2026-08-24,2,113.18,1.598,39.16
2026-08-26T09:01:09,XLV,,0.16456935123042515,166.58,2026-08-17,9,175.295,5.232,766.92
2026-08-26T09:01:09,XLF,,0.13305978898007043,57.99,2026-08-17,9,58.295,0.526,77.16
2026-08-26T09:01:09,XLE,,0.08798320797621129,62.2,2026-08-17,9,62.08,-0.193,-28.2
2026-08-26T09:01:09,XLB,,0.065,53.54,2026-08-24,2,53.59,0.093,2.5
2026-08-26T09:01:09,XLI,,0.049,180.25,2026-08-24,2,178.41,-1.021,-92.0
2026-08-26T09:01:09,XLK,,0.016,183.35,2026-08-24,2,181.76,-0.867,-79.5
2026-08-26T09:01:09,XLP,,0.014,85.99,2026-08-24,2,86.495,0.587,25.25
2026-08-26T09:01:09,XLRE,,0.012,45.08,2026-08-24,2,45.36,0.621,14.0
2026-08-26T09:01:09,XLY,,-0.01,118.02,2026-08-24,2,117.935,-0.072,-3.48
2026-08-26T09:01:09,XLC,,-0.035,111.4,2026-08-24,2,113.18,1.598,39.16
2026-08-26T10:00:38,XLV,,0.16456935123042515,166.58,2026-08-17,9,175.295,5.232,766.92
2026-08-26T10:00:38,XLF,,0.13305978898007043,57.99,2026-08-17,9,58.295,0.526,77.16
2026-08-26T10:00:38,XLE,,0.08798320797621129,62.2,2026-08-17,9,62.08,-0.193,-28.2
2026-08-26T10:00:38,XLB,,0.065,53.54,2026-08-24,2,53.59,0.093,2.5
2026-08-26T10:00:38,XLI,,0.049,180.25,2026-08-24,2,178.41,-1.021,-92.0
2026-08-26T10:00:38,XLK,,0.016,183.35,2026-08-24,2,181.76,-0.867,-79.5
2026-08-26T10:00:38,XLP,,0.014,85.99,2026-08-24,2,86.495,0.587,25.25
2026-08-26T10:00:38,XLRE,,0.012,45.08,2026-08-24,2,45.36,0.621,14.0
2026-08-26T10:00:38,XLY,,-0.01,118.02,2026-08-24,2,117.935,-0.072,-3.48
2026-08-26T10:00:38,XLC,,-0.035,111.4,2026-08-24,2,113.18,1.598,39.16
2026-08-26T11:01:09,XLV,,0.16456935123042515,166.58,2026-08-17,9,175.295,5.232,766.92
2026-08-26T11:01:09,XLF,,0.13305978898007043,57.99,2026-08-17,9,58.295,0.526,77.16
2026-08-26T11:01:09,XLE,,0.08798320797621129,62.2,2026-08-17,9,62.08,-0.193,-28.2
2026-08-26T11:01:09,XLB,,0.065,53.54,2026-08-24,2,53.59,0.093,2.5
2026-08-26T11:01:09,XLI,,0.049,180.25,2026-08-24,2,178.41,-1.021,-92.0
2026-08-26T11:01:09,XLK,,0.016,183.35,2026-08-24,2,181.76,-0.867,-79.5
2026-08-26T11:01:09,XLP,,0.014,85.99,2026-08-24,2,86.495,0.587,25.25
2026-08-26T11:01:09,XLRE,,0.012,45.08,2026-08-24,2,45.36,0.621,14.0
2026-08-26T11:01:09,XLY,,-0.01,118.02,2026-08-24,2,117.935,-0.072,-3.48
2026-08-26T11:01:09,XLC,,-0.035,111.4,2026-08-24,2,113.18,1.598,39.16
2026-08-26T12:01:01,XLV,,0.16456935123042515,166.58,2026-08-17,9,175.295,5.232,766.92
2026-08-26T12:01:01,XLF,,0.13305978898007043,57.99,2026-08-17,9,58.295,0.526,77.16
2026-08-26T12:01:01,XLE,,0.08798320797621129,62.2,2026-08-17,9,62.08,-0.193,-28.2
2026-08-26T12:01:01,XLB,,0.065,53.54,2026-08-24,2,53.59,0.093,2.5
2026-08-26T12:01:01,XLI,,0.049,180.25,2026-08-24,2,178.41,-1.021,-92.0
2026-08-26T12:01:01,XLK,,0.016,183.35,2026-08-24,2,181.76,-0.867,-79.5
2026-08-26T12:01:01,XLP,,0.014,85.99,2026-08-24,2,86.495,0.587,25.25
2026-08-26T12:01:01,XLRE,,0.012,45.08,2026-08-24,2,45.36,0.621,14.0
2026-08-26T12:01:01,XLY,,-0.01,118.02,2026-08-24,2,117.935,-0.072,-3.48
2026-08-26T12:01:01,XLC,,-0.035,111.4,2026-08-24,2,113.18,1.598,39.16
2026-08-26T13:00:48,XLV,,0.16456935123042515,166.58,2026-08-17,9,175.295,5.232,766.92
2026-08-26T13:00:48,XLF,,0.13305978898007043,57.99,2026-08-17,9,58.295,0.526,77.16
2026-08-26T13:00:48,XLE,,0.08798320797621129,62.2,2026-08-17,9,62.08,-0.193,-28.2
2026-08-26T13:00:48,XLB,,0.065,53.54,2026-08-24,2,53.59,0.093,2.5
2026-08-26T13:00:48,XLI,,0.049,180.25,2026-08-24,2,178.41,-1.021,-92.0
2026-08-26T13:00:48,XLK,,0.016,183.35,2026-08-24,2,181.76,-0.867,-79.5
2026-08-26T13:00:48,XLP,,0.014,85.99,2026-08-24,2,86.495,0.587,25.25
2026-08-26T13:00:48,XLRE,,0.012,45.08,2026-08-24,2,45.36,0.621,14.0
2026-08-26T13:00:48,XLY,,-0.01,118.02,2026-08-24,2,117.935,-0.072,-3.48
2026-08-26T13:00:48,XLC,,-0.035,111.4,2026-08-24,2,113.18,1.598,39.16
2026-08-26T14:01:08,XLV,,0.16456935123042515,166.58,2026-08-17,9,175.295,5.232,766.92
2026-08-26T14:01:08,XLF,,0.13305978898007043,57.99,2026-08-17,9,58.295,0.526,77.16
2026-08-26T14:01:08,XLE,,0.08798320797621129,62.2,2026-08-17,9,62.08,-0.193,-28.2
2026-08-26T14:01:08,XLB,,0.065,53.54,2026-08-24,2,53.59,0.093,2.5
2026-08-26T14:01:08,XLI,,0.049,180.25,2026-08-24,2,178.41,-1.021,-92.0
2026-08-26T14:01:08,XLK,,0.016,183.35,2026-08-24,2,181.76,-0.867,-79.5
2026-08-26T14:01:08,XLP,,0.014,85.99,2026-08-24,2,86.495,0.587,25.25
2026-08-26T14:01:08,XLRE,,0.012,45.08,2026-08-24,2,45.36,0.621,14.0
2026-08-26T14:01:08,XLY,,-0.01,118.02,2026-08-24,2,117.935,-0.072,-3.48
2026-08-26T14:01:08,XLC,,-0.035,111.4,2026-08-24,2,113.18,1.598,39.16
2026-08-26T15:00:58,XLV,,0.16456935123042515,166.58,2026-08-17,9,175.295,5.232,766.92
2026-08-26T15:00:58,XLF,,0.13305978898007043,57.99,2026-08-17,9,58.295,0.526,77.16
2026-08-26T15:00:58,XLE,,0.08798320797621129,62.2,2026-08-17,9,62.08,-0.193,-28.2
2026-08-26T15:00:58,XLB,,0.065,53.54,2026-08-24,2,53.59,0.093,2.5
2026-08-26T15:00:58,XLI,,0.049,180.25,2026-08-24,2,178.41,-1.021,-92.0
2026-08-26T15:00:58,XLK,,0.016,183.35,2026-08-24,2,181.76,-0.867,-79.5
2026-08-26T15:00:58,XLP,,0.014,85.99,2026-08-24,2,86.495,0.587,25.25
2026-08-26T15:00:58,XLRE,,0.012,45.08,2026-08-24,2,45.36,0.621,14.0
2026-08-26T15:00:58,XLY,,-0.01,118.02,2026-08-24,2,117.935,-0.072,-3.48
2026-08-26T15:00:58,XLC,,-0.035,111.4,2026-08-24,2,113.18,1.598,39.16
2026-08-26T16:01:09,XLV,,0.16456935123042515,166.58,2026-08-17,9,175.295,5.232,766.92
2026-08-26T16:01:09,XLF,,0.13305978898007043,57.99,2026-08-17,9,58.295,0.526,77.16
2026-08-26T16:01:09,XLE,,0.08798320797621129,62.2,2026-08-17,9,62.08,-0.193,-28.2
2026-08-26T16:01:09,XLB,,0.065,53.54,2026-08-24,2,53.59,0.093,2.5
2026-08-26T16:01:09,XLI,,0.049,180.25,2026-08-24,2,178.41,-1.021,-92.0
2026-08-26T16:01:09,XLK,,0.016,183.35,2026-08-24,2,181.76,-0.867,-79.5
2026-08-26T16:01:09,XLP,,0.014,85.99,2026-08-24,2,86.495,0.587,25.25
2026-08-26T16:01:09,XLRE,,0.012,45.08,2026-08-24,2,45.36,0.621,14.0
2026-08-26T16:01:09,XLY,,-0.01,118.02,2026-08-24,2,117.935,-0.072,-3.48
2026-08-26T16:01:09,XLC,,-0.035,111.4,2026-08-24,2,113.18,1.598,39.16
2026-08-26T17:01:09,XLV,,0.16456935123042515,166.58,2026-08-17,9,175.295,5.232,766.92
2026-08-26T17:01:09,XLF,,0.13305978898007043,57.99,2026-08-17,9,58.295,0.526,77.16
2026-08-26T17:01:09,XLE,,0.08798320797621129,62.2,2026-08-17,9,62.08,-0.193,-28.2
2026-08-26T17:01:09,XLB,,0.065,53.54,2026-08-24,2,53.59,0.093,2.5
2026-08-26T17:01:09,XLI,,0.049,180.25,2026-08-24,2,178.41,-1.021,-92.0
2026-08-26T17:01:09,XLK,,0.016,183.35,2026-08-24,2,181.76,-0.867,-79.5
2026-08-26T17:01:09,XLP,,0.014,85.99,2026-08-24,2,86.495,0.587,25.25
2026-08-26T17:01:09,XLRE,,0.012,45.08,2026-08-24,2,45.36,0.621,14.0
2026-08-26T17:01:09,XLY,,-0.01,118.02,2026-08-24,2,117.935,-0.072,-3.48
2026-08-26T17:01:09,XLC,,-0.035,111.4,2026-08-24,2,113.18,1.598,39.16
2026-08-26T18:01:09,XLV,,0.16456935123042515,166.58,2026-08-17,9,175.295,5.232,766.92
2026-08-26T18:01:09,XLF,,0.13305978898007043,57.99,2026-08-17,9,58.295,0.526,77.16
2026-08-26T18:01:09,XLE,,0.08798320797621129,62.2,2026-08-17,9,62.08,-0.193,-28.2
2026-08-26T18:01:09,XLB,,0.065,53.54,2026-08-24,2,53.59,0.093,2.5
2026-08-26T18:01:09,XLI,,0.049,180.25,2026-08-24,2,178.41,-1.021,-92.0
2026-08-26T18:01:09,XLK,,0.016,183.35,2026-08-24,2,181.76,-0.867,-79.5
2026-08-26T18:01:09,XLP,,0.014,85.99,2026-08-24,2,86.495,0.587,25.25
2026-08-26T18:01:09,XLRE,,0.012,45.08,2026-08-24,2,45.36,0.621,14.0
2026-08-26T18:01:09,XLY,,-0.01,118.02,2026-08-24,2,117.935,-0.072,-3.48
2026-08-26T18:01:09,XLC,,-0.035,111.4,2026-08-24,2,113.18,1.598,39.16
2026-08-26T19:01:09,XLV,,0.16456935123042515,166.58,2026-08-17,9,173.75,4.304,630.96
2026-08-26T19:01:09,XLF,,0.13305978898007043,57.99,2026-08-17,9,58.285,0.509,74.63
2026-08-26T19:01:09,XLE,,0.08798320797621129,62.2,2026-08-17,9,62.29,0.145,21.15
2026-08-26T19:01:09,XLB,,0.065,53.54,2026-08-24,2,54.02,0.897,24.0
2026-08-26T19:01:09,XLI,,0.049,180.25,2026-08-24,2,180.09,-0.089,-8.0
2026-08-26T19:01:09,XLK,,0.016,183.35,2026-08-24,2,182.51,-0.458,-42.0
2026-08-26T19:01:09,XLP,,0.014,85.99,2026-08-24,2,86.415,0.494,21.25
2026-08-26T19:01:09,XLRE,,0.012,45.08,2026-08-24,2,45.41,0.732,16.5
2026-08-26T19:01:09,XLY,,-0.01,118.02,2026-08-24,2,117.845,-0.148,-7.17
2026-08-26T19:01:09,XLC,,-0.035,111.4,2026-08-24,2,112.76,1.221,29.92
2026-08-26T20:01:09,XLV,,0.16456935123042515,166.58,2026-08-17,9,174.45,4.724,692.56
2026-08-26T20:01:09,XLF,,0.13305978898007043,57.99,2026-08-17,9,58.185,0.336,49.34
2026-08-26T20:01:09,XLE,,0.08798320797621129,62.2,2026-08-17,9,62.56,0.579,84.6
2026-08-26T20:01:09,XLB,,0.065,53.54,2026-08-24,2,53.79,0.467,12.5
2026-08-26T20:01:09,XLI,,0.049,180.25,2026-08-24,2,180.28,0.017,1.5
2026-08-26T20:01:09,XLK,,0.016,183.35,2026-08-24,2,181.92,-0.78,-71.5
2026-08-26T20:01:09,XLP,,0.014,85.99,2026-08-24,2,86.355,0.424,18.25
2026-08-26T20:01:09,XLRE,,0.012,45.08,2026-08-24,2,45.21,0.288,6.5
2026-08-26T20:01:09,XLY,,-0.01,118.02,2026-08-24,2,117.12,-0.763,-36.9
2026-08-26T20:01:09,XLC,,-0.035,111.4,2026-08-24,2,112.825,1.279,31.35
2026-08-26T21:00:57,XLV,,0.16456935123042515,166.58,2026-08-17,9,173.685,4.265,625.24
2026-08-26T21:00:57,XLF,,0.13305978898007043,57.99,2026-08-17,9,58.205,0.371,54.39
2026-08-26T21:00:57,XLE,,0.08798320797621129,62.2,2026-08-17,9,62.61,0.659,96.35
2026-08-26T21:00:57,XLB,,0.065,53.54,2026-08-24,2,53.76,0.411,11.0
2026-08-26T21:00:57,XLI,,0.049,180.25,2026-08-24,2,180.38,0.072,6.5
2026-08-26T21:00:57,XLK,,0.016,183.35,2026-08-24,2,182.6,-0.409,-37.5
2026-08-26T21:00:57,XLP,,0.014,85.99,2026-08-24,2,86.485,0.576,24.75
2026-08-26T21:00:57,XLRE,,0.012,45.08,2026-08-24,2,45.3,0.488,11.0
2026-08-26T21:00:57,XLY,,-0.01,118.02,2026-08-24,2,117.095,-0.784,-37.92
2026-08-26T21:00:57,XLC,,-0.035,111.4,2026-08-24,2,112.775,1.234,30.25
2026-08-26T22:01:09,XLV,,0.16456935123042515,166.58,2026-08-17,9,173.57,4.196,615.12
2026-08-26T22:01:09,XLF,,0.13305978898007043,57.99,2026-08-17,9,58.195,0.354,51.86
2026-08-26T22:01:09,XLE,,0.08798320797621129,62.2,2026-08-17,9,62.79,0.949,138.65
2026-08-26T22:01:09,XLB,,0.065,53.54,2026-08-24,2,53.74,0.374,10.0
2026-08-26T22:01:09,XLI,,0.049,180.25,2026-08-24,2,180.07,-0.1,-9.0
2026-08-26T22:01:09,XLK,,0.016,183.35,2026-08-24,2,181.81,-0.84,-77.0
2026-08-26T22:01:09,XLP,,0.014,85.99,2026-08-24,2,86.345,0.413,17.75
2026-08-26T22:01:09,XLRE,,0.012,45.08,2026-08-24,2,45.11,0.067,1.5
2026-08-26T22:01:09,XLY,,-0.01,118.02,2026-08-24,2,116.785,-1.046,-50.63
2026-08-26T22:01:09,XLC,,-0.035,111.4,2026-08-24,2,112.475,0.965,23.65
2026-08-26T23:01:09,XLV,,0.16456935123042515,166.58,2026-08-17,9,174.045,4.481,656.92
2026-08-26T23:01:09,XLF,,0.13305978898007043,57.99,2026-08-17,9,58.245,0.44,64.51
2026-08-26T23:01:09,XLE,,0.08798320797621129,62.2,2026-08-17,9,62.62,0.675,98.7
2026-08-26T23:01:09,XLB,,0.065,53.54,2026-08-24,2,53.69,0.28,7.5
2026-08-26T23:01:09,XLI,,0.049,180.25,2026-08-24,2,180.24,-0.006,-0.5
2026-08-26T23:01:09,XLK,,0.016,183.35,2026-08-24,2,182.54,-0.442,-40.5
2026-08-26T23:01:09,XLP,,0.014,85.99,2026-08-24,2,86.395,0.471,20.25
2026-08-26T23:01:09,XLRE,,0.012,45.08,2026-08-24,2,45.17,0.2,4.5
2026-08-26T23:01:09,XLY,,-0.01,118.02,2026-08-24,2,117.085,-0.792,-38.34
2026-08-26T23:01:09,XLC,,-0.035,111.4,2026-08-24,2,112.795,1.252,30.69
2026-08-27T00:00:36,XLV,,0.16456935123042515,166.58,2026-08-17,10,173.73,4.292,629.2
2026-08-27T00:00:36,XLF,,0.13305978898007043,57.99,2026-08-17,10,58.275,0.491,72.1
2026-08-27T00:00:36,XLE,,0.08798320797621129,62.2,2026-08-17,10,62.41,0.338,49.35
2026-08-27T00:00:36,XLB,,0.065,53.54,2026-08-24,3,53.71,0.318,8.5
2026-08-27T00:00:36,XLI,,0.049,180.25,2026-08-24,3,180.31,0.033,3.0
2026-08-27T00:00:36,XLK,,0.016,183.35,2026-08-24,3,182.97,-0.207,-19.0
2026-08-27T00:00:36,XLP,,0.014,85.99,2026-08-24,3,86.345,0.413,17.75
2026-08-27T00:00:36,XLRE,,0.012,45.08,2026-08-24,3,45.11,0.067,1.5
2026-08-27T00:00:36,XLY,,-0.01,118.02,2026-08-24,3,117.135,-0.75,-36.28
2026-08-27T00:00:36,XLC,,-0.035,111.4,2026-08-24,3,112.845,1.297,31.79
2026-08-27T01:06:48,XLV,,0.16456935123042515,166.58,2026-08-17,10,173.61,4.22,618.64
2026-08-27T01:06:48,XLF,,0.13305978898007043,57.99,2026-08-17,10,58.355,0.629,92.34
2026-08-27T01:06:48,XLE,,0.08798320797621129,62.2,2026-08-17,10,62.5,0.482,70.5
2026-08-27T01:06:48,XLB,,0.065,53.54,2026-08-24,3,53.77,0.43,11.5
2026-08-27T01:06:48,XLI,,0.049,180.25,2026-08-24,3,180.66,0.227,20.5
2026-08-27T01:06:48,XLK,,0.016,183.35,2026-08-24,3,183.02,-0.18,-16.5
2026-08-27T01:06:48,XLP,,0.014,85.99,2026-08-24,3,86.485,0.576,24.75
2026-08-27T01:06:48,XLRE,,0.012,45.08,2026-08-24,3,45.16,0.177,4.0
2026-08-27T01:06:48,XLY,,-0.01,118.02,2026-08-24,3,117.335,-0.58,-28.09
2026-08-27T01:06:48,XLC,,-0.035,111.4,2026-08-24,3,112.835,1.288,31.57
2026-08-27T02:01:10,XLV,,0.16456935123042515,166.58,2026-08-17,10,173.58,4.202,616.0
2026-08-27T02:01:10,XLF,,0.13305978898007043,57.99,2026-08-17,10,58.245,0.44,64.51
2026-08-27T02:01:10,XLE,,0.08798320797621129,62.2,2026-08-17,10,62.44,0.386,56.4
2026-08-27T02:01:10,XLB,,0.065,53.54,2026-08-24,3,53.66,0.224,6.0
2026-08-27T02:01:10,XLI,,0.049,180.25,2026-08-24,3,180.37,0.067,6.0
2026-08-27T02:01:10,XLK,,0.016,183.35,2026-08-24,3,182.88,-0.256,-23.5
2026-08-27T02:01:10,XLP,,0.014,85.99,2026-08-24,3,86.275,0.331,14.25
2026-08-27T02:01:10,XLRE,,0.012,45.08,2026-08-24,3,45.1,0.044,1.0
2026-08-27T02:01:10,XLY,,-0.01,118.02,2026-08-24,3,117.175,-0.716,-34.64
2026-08-27T02:01:10,XLC,,-0.035,111.4,2026-08-24,3,112.63,1.104,27.06
2026-08-27T03:00:49,XLV,,0.16456935123042515,166.58,2026-08-17,10,173.58,4.202,616.0
2026-08-27T03:00:49,XLF,,0.13305978898007043,57.99,2026-08-17,10,58.245,0.44,64.51
2026-08-27T03:00:49,XLE,,0.08798320797621129,62.2,2026-08-17,10,62.44,0.386,56.4
2026-08-27T03:00:49,XLB,,0.065,53.54,2026-08-24,3,53.66,0.224,6.0
2026-08-27T03:00:49,XLI,,0.049,180.25,2026-08-24,3,180.37,0.067,6.0
2026-08-27T03:00:49,XLK,,0.016,183.35,2026-08-24,3,182.88,-0.256,-23.5
2026-08-27T03:00:49,XLP,,0.014,85.99,2026-08-24,3,86.275,0.331,14.25
2026-08-27T03:00:49,XLRE,,0.012,45.08,2026-08-24,3,45.1,0.044,1.0
2026-08-27T03:00:49,XLY,,-0.01,118.02,2026-08-24,3,117.175,-0.716,-34.64
2026-08-27T03:00:49,XLC,,-0.035,111.4,2026-08-24,3,112.63,1.104,27.06
2026-08-27T04:01:07,XLV,,0.16456935123042515,166.58,2026-08-17,10,173.58,4.202,616.0
2026-08-27T04:01:07,XLF,,0.13305978898007043,57.99,2026-08-17,10,58.245,0.44,64.51
2026-08-27T04:01:07,XLE,,0.08798320797621129,62.2,2026-08-17,10,62.44,0.386,56.4
2026-08-27T04:01:07,XLB,,0.065,53.54,2026-08-24,3,53.66,0.224,6.0
2026-08-27T04:01:07,XLI,,0.049,180.25,2026-08-24,3,180.37,0.067,6.0
2026-08-27T04:01:07,XLK,,0.016,183.35,2026-08-24,3,182.88,-0.256,-23.5
2026-08-27T04:01:07,XLP,,0.014,85.99,2026-08-24,3,86.275,0.331,14.25
2026-08-27T04:01:07,XLRE,,0.012,45.08,2026-08-24,3,45.1,0.044,1.0
2026-08-27T04:01:07,XLY,,-0.01,118.02,2026-08-24,3,117.175,-0.716,-34.64
2026-08-27T04:01:07,XLC,,-0.035,111.4,2026-08-24,3,112.63,1.104,27.06
2026-08-27T05:01:08,XLV,,0.16456935123042515,166.58,2026-08-17,10,173.58,4.202,616.0
2026-08-27T05:01:08,XLF,,0.13305978898007043,57.99,2026-08-17,10,58.245,0.44,64.51
2026-08-27T05:01:08,XLE,,0.08798320797621129,62.2,2026-08-17,10,62.44,0.386,56.4
2026-08-27T05:01:08,XLB,,0.065,53.54,2026-08-24,3,53.66,0.224,6.0
2026-08-27T05:01:08,XLI,,0.049,180.25,2026-08-24,3,180.37,0.067,6.0
2026-08-27T05:01:08,XLK,,0.016,183.35,2026-08-24,3,182.88,-0.256,-23.5
2026-08-27T05:01:08,XLP,,0.014,85.99,2026-08-24,3,86.275,0.331,14.25
2026-08-27T05:01:08,XLRE,,0.012,45.08,2026-08-24,3,45.1,0.044,1.0
2026-08-27T05:01:08,XLY,,-0.01,118.02,2026-08-24,3,117.175,-0.716,-34.64
2026-08-27T05:01:08,XLC,,-0.035,111.4,2026-08-24,3,112.63,1.104,27.06
2026-08-27T06:01:13,XLV,,0.16456935123042515,166.58,2026-08-17,10,173.58,4.202,616.0
2026-08-27T06:01:13,XLF,,0.13305978898007043,57.99,2026-08-17,10,58.245,0.44,64.51
2026-08-27T06:01:13,XLE,,0.08798320797621129,62.2,2026-08-17,10,62.44,0.386,56.4
2026-08-27T06:01:13,XLB,,0.065,53.54,2026-08-24,3,53.66,0.224,6.0
2026-08-27T06:01:13,XLI,,0.049,180.25,2026-08-24,3,180.37,0.067,6.0
2026-08-27T06:01:13,XLK,,0.016,183.35,2026-08-24,3,182.88,-0.256,-23.5
2026-08-27T06:01:13,XLP,,0.014,85.99,2026-08-24,3,86.275,0.331,14.25
2026-08-27T06:01:13,XLRE,,0.012,45.08,2026-08-24,3,45.1,0.044,1.0
2026-08-27T06:01:13,XLY,,-0.01,118.02,2026-08-24,3,117.175,-0.716,-34.64
2026-08-27T06:01:13,XLC,,-0.035,111.4,2026-08-24,3,112.63,1.104,27.06
2026-08-27T07:00:35,XLV,,0.16456935123042515,166.58,2026-08-17,10,173.58,4.202,616.0
2026-08-27T07:00:35,XLF,,0.13305978898007043,57.99,2026-08-17,10,58.245,0.44,64.51
2026-08-27T07:00:35,XLE,,0.08798320797621129,62.2,2026-08-17,10,62.44,0.386,56.4
2026-08-27T07:00:35,XLB,,0.065,53.54,2026-08-24,3,53.66,0.224,6.0
2026-08-27T07:00:35,XLI,,0.049,180.25,2026-08-24,3,180.37,0.067,6.0
2026-08-27T07:00:35,XLK,,0.016,183.35,2026-08-24,3,182.88,-0.256,-23.5
2026-08-27T07:00:35,XLP,,0.014,85.99,2026-08-24,3,86.275,0.331,14.25
2026-08-27T07:00:35,XLRE,,0.012,45.08,2026-08-24,3,45.1,0.044,1.0
2026-08-27T07:00:35,XLY,,-0.01,118.02,2026-08-24,3,117.175,-0.716,-34.64
2026-08-27T07:00:35,XLC,,-0.035,111.4,2026-08-24,3,112.63,1.104,27.06
2026-08-27T08:01:17,XLV,,0.16456935123042515,166.58,2026-08-17,10,173.58,4.202,616.0
2026-08-27T08:01:17,XLF,,0.13305978898007043,57.99,2026-08-17,10,58.245,0.44,64.51
2026-08-27T08:01:17,XLE,,0.08798320797621129,62.2,2026-08-17,10,62.44,0.386,56.4
2026-08-27T08:01:17,XLB,,0.065,53.54,2026-08-24,3,53.66,0.224,6.0
2026-08-27T08:01:17,XLI,,0.049,180.25,2026-08-24,3,180.37,0.067,6.0
2026-08-27T08:01:17,XLK,,0.016,183.35,2026-08-24,3,182.88,-0.256,-23.5
2026-08-27T08:01:17,XLP,,0.014,85.99,2026-08-24,3,86.275,0.331,14.25
2026-08-27T08:01:17,XLRE,,0.012,45.08,2026-08-24,3,45.1,0.044,1.0
2026-08-27T08:01:17,XLY,,-0.01,118.02,2026-08-24,3,117.175,-0.716,-34.64
2026-08-27T08:01:17,XLC,,-0.035,111.4,2026-08-24,3,112.63,1.104,27.06
2026-08-27T09:01:15,XLV,,0.16456935123042515,166.58,2026-08-17,10,173.58,4.202,616.0
2026-08-27T09:01:15,XLF,,0.13305978898007043,57.99,2026-08-17,10,58.245,0.44,64.51
2026-08-27T09:01:15,XLE,,0.08798320797621129,62.2,2026-08-17,10,62.44,0.386,56.4
2026-08-27T09:01:15,XLB,,0.065,53.54,2026-08-24,3,53.66,0.224,6.0
2026-08-27T09:01:15,XLI,,0.049,180.25,2026-08-24,3,180.37,0.067,6.0
2026-08-27T09:01:15,XLK,,0.016,183.35,2026-08-24,3,182.88,-0.256,-23.5
2026-08-27T09:01:15,XLP,,0.014,85.99,2026-08-24,3,86.275,0.331,14.25
2026-08-27T09:01:15,XLRE,,0.012,45.08,2026-08-24,3,45.1,0.044,1.0
2026-08-27T09:01:15,XLY,,-0.01,118.02,2026-08-24,3,117.175,-0.716,-34.64
2026-08-27T09:01:15,XLC,,-0.035,111.4,2026-08-24,3,112.63,1.104,27.06
2026-08-27T10:01:39,XLV,,0.16456935123042515,166.58,2026-08-17,10,173.58,4.202,616.0
2026-08-27T10:01:39,XLF,,0.13305978898007043,57.99,2026-08-17,10,58.245,0.44,64.51
2026-08-27T10:01:39,XLE,,0.08798320797621129,62.2,2026-08-17,10,62.44,0.386,56.4
2026-08-27T10:01:39,XLB,,0.065,53.54,2026-08-24,3,53.66,0.224,6.0
2026-08-27T10:01:39,XLI,,0.049,180.25,2026-08-24,3,180.37,0.067,6.0
2026-08-27T10:01:39,XLK,,0.016,183.35,2026-08-24,3,182.88,-0.256,-23.5
2026-08-27T10:01:39,XLP,,0.014,85.99,2026-08-24,3,86.275,0.331,14.25
2026-08-27T10:01:39,XLRE,,0.012,45.08,2026-08-24,3,45.1,0.044,1.0
2026-08-27T10:01:39,XLY,,-0.01,118.02,2026-08-24,3,117.175,-0.716,-34.64
2026-08-27T10:01:39,XLC,,-0.035,111.4,2026-08-24,3,112.63,1.104,27.06
2026-08-27T11:01:09,XLV,,0.16456935123042515,166.58,2026-08-17,10,173.58,4.202,616.0
2026-08-27T11:01:09,XLF,,0.13305978898007043,57.99,2026-08-17,10,58.245,0.44,64.51
2026-08-27T11:01:09,XLE,,0.08798320797621129,62.2,2026-08-17,10,62.44,0.386,56.4
2026-08-27T11:01:09,XLB,,0.065,53.54,2026-08-24,3,53.66,0.224,6.0
2026-08-27T11:01:09,XLI,,0.049,180.25,2026-08-24,3,180.37,0.067,6.0
2026-08-27T11:01:09,XLK,,0.016,183.35,2026-08-24,3,182.88,-0.256,-23.5
2026-08-27T11:01:09,XLP,,0.014,85.99,2026-08-24,3,86.275,0.331,14.25
2026-08-27T11:01:09,XLRE,,0.012,45.08,2026-08-24,3,45.1,0.044,1.0
2026-08-27T11:01:09,XLY,,-0.01,118.02,2026-08-24,3,117.175,-0.716,-34.64
2026-08-27T11:01:09,XLC,,-0.035,111.4,2026-08-24,3,112.63,1.104,27.06
2026-08-27T12:00:42,XLV,,0.16456935123042515,166.58,2026-08-17,10,173.58,4.202,616.0
2026-08-27T12:00:42,XLF,,0.13305978898007043,57.99,2026-08-17,10,58.245,0.44,64.51
2026-08-27T12:00:42,XLE,,0.08798320797621129,62.2,2026-08-17,10,62.44,0.386,56.4
2026-08-27T12:00:42,XLB,,0.065,53.54,2026-08-24,3,53.66,0.224,6.0
2026-08-27T12:00:42,XLI,,0.049,180.25,2026-08-24,3,180.37,0.067,6.0
2026-08-27T12:00:42,XLK,,0.016,183.35,2026-08-24,3,182.88,-0.256,-23.5
2026-08-27T12:00:42,XLP,,0.014,85.99,2026-08-24,3,86.275,0.331,14.25
2026-08-27T12:00:42,XLRE,,0.012,45.08,2026-08-24,3,45.1,0.044,1.0
2026-08-27T12:00:42,XLY,,-0.01,118.02,2026-08-24,3,117.175,-0.716,-34.64
2026-08-27T12:00:42,XLC,,-0.035,111.4,2026-08-24,3,112.63,1.104,27.06
2026-08-27T13:00:42,XLV,,0.16456935123042515,166.58,2026-08-17,10,173.58,4.202,616.0
2026-08-27T13:00:42,XLF,,0.13305978898007043,57.99,2026-08-17,10,58.245,0.44,64.51
2026-08-27T13:00:42,XLE,,0.08798320797621129,62.2,2026-08-17,10,62.44,0.386,56.4
2026-08-27T13:00:42,XLB,,0.065,53.54,2026-08-24,3,53.66,0.224,6.0
2026-08-27T13:00:42,XLI,,0.049,180.25,2026-08-24,3,180.37,0.067,6.0
2026-08-27T13:00:42,XLK,,0.016,183.35,2026-08-24,3,182.88,-0.256,-23.5
2026-08-27T13:00:42,XLP,,0.014,85.99,2026-08-24,3,86.275,0.331,14.25
2026-08-27T13:00:42,XLRE,,0.012,45.08,2026-08-24,3,45.1,0.044,1.0
2026-08-27T13:00:42,XLY,,-0.01,118.02,2026-08-24,3,117.175,-0.716,-34.64
2026-08-27T13:00:42,XLC,,-0.035,111.4,2026-08-24,3,112.63,1.104,27.06
2026-08-27T14:00:35,XLV,,0.16456935123042515,166.58,2026-08-17,10,173.58,4.202,616.0
2026-08-27T14:00:35,XLF,,0.13305978898007043,57.99,2026-08-17,10,58.245,0.44,64.51
2026-08-27T14:00:35,XLE,,0.08798320797621129,62.2,2026-08-17,10,62.44,0.386,56.4
2026-08-27T14:00:35,XLB,,0.065,53.54,2026-08-24,3,53.66,0.224,6.0
2026-08-27T14:00:35,XLI,,0.049,180.25,2026-08-24,3,180.37,0.067,6.0
2026-08-27T14:00:35,XLK,,0.016,183.35,2026-08-24,3,182.88,-0.256,-23.5
2026-08-27T14:00:35,XLP,,0.014,85.99,2026-08-24,3,86.275,0.331,14.25
2026-08-27T14:00:35,XLRE,,0.012,45.08,2026-08-24,3,45.1,0.044,1.0
2026-08-27T14:00:35,XLY,,-0.01,118.02,2026-08-24,3,117.175,-0.716,-34.64
2026-08-27T14:00:35,XLC,,-0.035,111.4,2026-08-24,3,112.63,1.104,27.06
2026-08-27T15:01:09,XLV,,0.16456935123042515,166.58,2026-08-17,10,173.58,4.202,616.0
2026-08-27T15:01:09,XLF,,0.13305978898007043,57.99,2026-08-17,10,58.245,0.44,64.51
2026-08-27T15:01:09,XLE,,0.08798320797621129,62.2,2026-08-17,10,62.44,0.386,56.4
2026-08-27T15:01:09,XLB,,0.065,53.54,2026-08-24,3,53.66,0.224,6.0
2026-08-27T15:01:09,XLI,,0.049,180.25,2026-08-24,3,180.37,0.067,6.0
2026-08-27T15:01:09,XLK,,0.016,183.35,2026-08-24,3,182.88,-0.256,-23.5
2026-08-27T15:01:09,XLP,,0.014,85.99,2026-08-24,3,86.275,0.331,14.25
2026-08-27T15:01:09,XLRE,,0.012,45.08,2026-08-24,3,45.1,0.044,1.0
2026-08-27T15:01:09,XLY,,-0.01,118.02,2026-08-24,3,117.175,-0.716,-34.64
2026-08-27T15:01:09,XLC,,-0.035,111.4,2026-08-24,3,112.63,1.104,27.06
2026-08-27T16:01:09,XLV,,0.16456935123042515,166.58,2026-08-17,10,173.58,4.202,616.0
2026-08-27T16:01:09,XLF,,0.13305978898007043,57.99,2026-08-17,10,58.245,0.44,64.51
2026-08-27T16:01:09,XLE,,0.08798320797621129,62.2,2026-08-17,10,62.44,0.386,56.4
2026-08-27T16:01:09,XLB,,0.065,53.54,2026-08-24,3,53.66,0.224,6.0
2026-08-27T16:01:09,XLI,,0.049,180.25,2026-08-24,3,180.37,0.067,6.0
2026-08-27T16:01:09,XLK,,0.016,183.35,2026-08-24,3,182.88,-0.256,-23.5
2026-08-27T16:01:09,XLP,,0.014,85.99,2026-08-24,3,86.275,0.331,14.25
2026-08-27T16:01:09,XLRE,,0.012,45.08,2026-08-24,3,45.1,0.044,1.0
2026-08-27T16:01:09,XLY,,-0.01,118.02,2026-08-24,3,117.175,-0.716,-34.64
2026-08-27T16:01:09,XLC,,-0.035,111.4,2026-08-24,3,112.63,1.104,27.06
2026-08-27T17:00:35,XLV,,0.16456935123042515,166.58,2026-08-17,10,173.58,4.202,616.0
2026-08-27T17:00:35,XLF,,0.13305978898007043,57.99,2026-08-17,10,58.245,0.44,64.51
2026-08-27T17:00:35,XLE,,0.08798320797621129,62.2,2026-08-17,10,62.44,0.386,56.4
2026-08-27T17:00:35,XLB,,0.065,53.54,2026-08-24,3,53.66,0.224,6.0
2026-08-27T17:00:35,XLI,,0.049,180.25,2026-08-24,3,180.37,0.067,6.0
2026-08-27T17:00:35,XLK,,0.016,183.35,2026-08-24,3,182.88,-0.256,-23.5
2026-08-27T17:00:35,XLP,,0.014,85.99,2026-08-24,3,86.275,0.331,14.25
2026-08-27T17:00:35,XLRE,,0.012,45.08,2026-08-24,3,45.1,0.044,1.0
2026-08-27T17:00:35,XLY,,-0.01,118.02,2026-08-24,3,117.175,-0.716,-34.64
2026-08-27T17:00:35,XLC,,-0.035,111.4,2026-08-24,3,112.63,1.104,27.06
2026-08-27T18:00:37,XLV,,0.16456935123042515,166.58,2026-08-17,10,173.58,4.202,616.0
2026-08-27T18:00:37,XLF,,0.13305978898007043,57.99,2026-08-17,10,58.245,0.44,64.51
2026-08-27T18:00:37,XLE,,0.08798320797621129,62.2,2026-08-17,10,62.44,0.386,56.4
2026-08-27T18:00:37,XLB,,0.065,53.54,2026-08-24,3,53.66,0.224,6.0
2026-08-27T18:00:37,XLI,,0.049,180.25,2026-08-24,3,180.37,0.067,6.0
2026-08-27T18:00:37,XLK,,0.016,183.35,2026-08-24,3,182.88,-0.256,-23.5
2026-08-27T18:00:37,XLP,,0.014,85.99,2026-08-24,3,86.275,0.331,14.25
2026-08-27T18:00:37,XLRE,,0.012,45.08,2026-08-24,3,45.1,0.044,1.0
2026-08-27T18:00:37,XLY,,-0.01,118.02,2026-08-24,3,117.175,-0.716,-34.64
2026-08-27T18:00:37,XLC,,-0.035,111.4,2026-08-24,3,112.63,1.104,27.06
2026-08-27T19:01:10,XLV,,0.16456935123042515,166.58,2026-08-17,10,171.795,3.131,458.92
2026-08-27T19:01:10,XLF,,0.13305978898007043,57.99,2026-08-17,10,58.105,0.198,29.09
2026-08-27T19:01:10,XLE,,0.08798320797621129,62.2,2026-08-17,10,62.04,-0.257,-37.6
2026-08-27T19:01:10,XLB,,0.065,53.54,2026-08-24,3,53.16,-0.71,-19.0
2026-08-27T19:01:10,XLI,,0.049,180.25,2026-08-24,3,179.24,-0.56,-50.5
2026-08-27T19:01:10,XLK,,0.016,183.35,2026-08-24,3,186.95,1.963,180.0
2026-08-27T19:01:10,XLP,,0.014,85.99,2026-08-24,3,85.365,-0.727,-31.25
2026-08-27T19:01:10,XLRE,,0.012,45.08,2026-08-24,3,44.99,-0.2,-4.5
2026-08-27T19:01:10,XLY,,-0.01,118.02,2026-08-24,3,116.605,-1.199,-58.01
2026-08-27T19:01:10,XLC,,-0.035,111.4,2026-08-24,3,112.115,0.642,15.73
2026-08-27T20:00:51,XLV,,0.16456935123042515,166.58,2026-08-17,10,172.665,3.653,535.48
2026-08-27T20:00:51,XLF,,0.13305978898007043,57.99,2026-08-17,10,57.965,-0.043,-6.32
2026-08-27T20:00:51,XLE,,0.08798320797621129,62.2,2026-08-17,10,61.71,-0.788,-115.15
2026-08-27T20:00:51,XLB,,0.065,53.54,2026-08-24,3,53.41,-0.243,-6.5
2026-08-27T20:00:51,XLI,,0.049,180.25,2026-08-24,3,179.03,-0.677,-61.0
2026-08-27T20:00:51,XLK,,0.016,183.35,2026-08-24,3,187.05,2.018,185.0
2026-08-27T20:00:51,XLP,,0.014,85.99,2026-08-24,3,85.525,-0.541,-23.25
2026-08-27T20:00:51,XLRE,,0.012,45.08,2026-08-24,3,44.89,-0.421,-9.5
2026-08-27T20:00:51,XLY,,-0.01,118.02,2026-08-24,3,116.515,-1.275,-61.7
2026-08-27T20:00:51,XLC,,-0.035,111.4,2026-08-24,3,111.71,0.278,6.82
2026-08-27T21:00:40,XLV,,0.16456935123042515,166.58,2026-08-17,10,172.66,3.65,535.04
2026-08-27T21:00:40,XLF,,0.13305978898007043,57.99,2026-08-17,10,58.095,0.181,26.56
2026-08-27T21:00:40,XLE,,0.08798320797621129,62.2,2026-08-17,10,61.8,-0.643,-94.0
2026-08-27T21:00:40,XLB,,0.065,53.54,2026-08-24,3,53.46,-0.149,-4.0
2026-08-27T21:00:40,XLI,,0.049,180.25,2026-08-24,3,179.06,-0.66,-59.5
2026-08-27T21:00:40,XLK,,0.016,183.35,2026-08-24,3,186.71,1.833,168.0
2026-08-27T21:00:40,XLP,,0.014,85.99,2026-08-24,3,85.815,-0.204,-8.75
2026-08-27T21:00:40,XLRE,,0.012,45.08,2026-08-24,3,44.86,-0.488,-11.0
2026-08-27T21:00:40,XLY,,-0.01,118.02,2026-08-24,3,116.335,-1.428,-69.09
2026-08-27T21:00:40,XLC,,-0.035,111.4,2026-08-24,3,111.905,0.453,11.11
2026-08-27T22:00:32,XLV,,0.16456935123042515,166.58,2026-08-17,10,172.425,3.509,514.36
2026-08-27T22:00:32,XLF,,0.13305978898007043,57.99,2026-08-17,10,58.045,0.095,13.91
2026-08-27T22:00:32,XLE,,0.08798320797621129,62.2,2026-08-17,10,62.08,-0.193,-28.2
2026-08-27T22:00:32,XLB,,0.065,53.54,2026-08-24,3,53.31,-0.43,-11.5
2026-08-27T22:00:32,XLI,,0.049,180.25,2026-08-24,3,179.04,-0.671,-60.5
2026-08-27T22:00:32,XLK,,0.016,183.35,2026-08-24,3,188.1,2.591,237.5
2026-08-27T22:00:32,XLP,,0.014,85.99,2026-08-24,3,85.455,-0.622,-26.75
2026-08-27T22:00:32,XLRE,,0.012,45.08,2026-08-24,3,44.81,-0.599,-13.5
2026-08-27T22:00:32,XLY,,-0.01,118.02,2026-08-24,3,116.245,-1.504,-72.77
2026-08-27T22:00:32,XLC,,-0.035,111.4,2026-08-24,3,111.695,0.265,6.49
2026-08-28T00:01:09,XLV,,0.16456935123042515,166.58,2026-08-17,11,172.115,3.323,487.08
2026-08-28T00:01:09,XLF,,0.13305978898007043,57.99,2026-08-17,11,57.895,-0.164,-24.03
2026-08-28T00:01:09,XLE,,0.08798320797621129,62.2,2026-08-17,11,62.58,0.611,89.3
2026-08-28T00:01:09,XLB,,0.065,53.54,2026-08-24,4,53.35,-0.355,-9.5
2026-08-28T00:01:09,XLI,,0.049,180.25,2026-08-24,4,178.78,-0.816,-73.5
2026-08-28T00:01:09,XLK,,0.016,183.35,2026-08-24,4,187.52,2.274,208.5
2026-08-28T00:01:09,XLP,,0.014,85.99,2026-08-24,4,85.315,-0.785,-33.75
2026-08-28T00:01:09,XLRE,,0.012,45.08,2026-08-24,4,44.67,-0.909,-20.5
2026-08-28T00:01:09,XLY,,-0.01,118.02,2026-08-24,4,115.935,-1.767,-85.48
2026-08-28T00:01:09,XLC,,-0.035,111.4,2026-08-24,4,111.585,0.166,4.07
2026-08-28T01:01:12,XLV,,0.16456935123042515,166.58,2026-08-17,11,171.795,3.131,458.92
2026-08-28T01:01:12,XLF,,0.13305978898007043,57.99,2026-08-17,11,57.875,-0.198,-29.1
2026-08-28T01:01:12,XLE,,0.08798320797621129,62.2,2026-08-17,11,62.35,0.241,35.25
2026-08-28T01:01:12,XLB,,0.065,53.54,2026-08-24,4,53.32,-0.411,-11.0
2026-08-28T01:01:12,XLI,,0.049,180.25,2026-08-24,4,178.78,-0.816,-73.5
2026-08-28T01:01:12,XLK,,0.016,183.35,2026-08-24,4,188.16,2.623,240.5
2026-08-28T01:01:12,XLP,,0.014,85.99,2026-08-24,4,85.215,-0.901,-38.75
2026-08-28T01:01:12,XLRE,,0.012,45.08,2026-08-24,4,44.75,-0.732,-16.5
2026-08-28T01:01:12,XLY,,-0.01,118.02,2026-08-24,4,116.035,-1.682,-81.38
2026-08-28T01:01:12,XLC,,-0.035,111.4,2026-08-24,4,111.605,0.184,4.51
2026-08-28T02:06:51,XLV,,0.16456935123042515,166.58,2026-08-17,11,171.585,3.005,440.44
2026-08-28T02:06:51,XLF,,0.13305978898007043,57.99,2026-08-17,11,57.885,-0.181,-26.57
2026-08-28T02:06:51,XLE,,0.08798320797621129,62.2,2026-08-17,11,62.28,0.129,18.8
2026-08-28T02:06:51,XLB,,0.065,53.54,2026-08-24,4,53.25,-0.542,-14.5
2026-08-28T02:06:51,XLI,,0.049,180.25,2026-08-24,4,178.82,-0.793,-71.5
2026-08-28T02:06:51,XLK,,0.016,183.35,2026-08-24,4,188.66,2.896,265.5
2026-08-28T02:06:51,XLP,,0.014,85.99,2026-08-24,4,85.095,-1.041,-44.75
2026-08-28T02:06:51,XLRE,,0.012,45.08,2026-08-24,4,44.65,-0.954,-21.5
2026-08-28T02:06:51,XLY,,-0.01,118.02,2026-08-24,4,115.865,-1.826,-88.36
2026-08-28T02:06:51,XLC,,-0.035,111.4,2026-08-24,4,111.425,0.022,0.55
2026-08-28T03:00:57,XLV,,0.16456935123042515,166.58,2026-08-17,11,171.585,3.005,440.44
2026-08-28T03:00:57,XLF,,0.13305978898007043,57.99,2026-08-17,11,57.885,-0.181,-26.57
2026-08-28T03:00:57,XLE,,0.08798320797621129,62.2,2026-08-17,11,62.28,0.129,18.8
2026-08-28T03:00:57,XLB,,0.065,53.54,2026-08-24,4,53.25,-0.542,-14.5
2026-08-28T03:00:57,XLI,,0.049,180.25,2026-08-24,4,178.82,-0.793,-71.5
2026-08-28T03:00:57,XLK,,0.016,183.35,2026-08-24,4,188.66,2.896,265.5
2026-08-28T03:00:57,XLP,,0.014,85.99,2026-08-24,4,85.095,-1.041,-44.75
2026-08-28T03:00:57,XLRE,,0.012,45.08,2026-08-24,4,44.65,-0.954,-21.5
2026-08-28T03:00:57,XLY,,-0.01,118.02,2026-08-24,4,115.865,-1.826,-88.36
2026-08-28T03:00:57,XLC,,-0.035,111.4,2026-08-24,4,111.425,0.022,0.55
2026-08-28T04:00:45,XLV,,0.16456935123042515,166.58,2026-08-17,11,171.585,3.005,440.44
2026-08-28T04:00:45,XLF,,0.13305978898007043,57.99,2026-08-17,11,57.885,-0.181,-26.57
2026-08-28T04:00:45,XLE,,0.08798320797621129,62.2,2026-08-17,11,62.28,0.129,18.8
2026-08-28T04:00:45,XLB,,0.065,53.54,2026-08-24,4,53.25,-0.542,-14.5
2026-08-28T04:00:45,XLI,,0.049,180.25,2026-08-24,4,178.82,-0.793,-71.5
2026-08-28T04:00:45,XLK,,0.016,183.35,2026-08-24,4,188.66,2.896,265.5
2026-08-28T04:00:45,XLP,,0.014,85.99,2026-08-24,4,85.095,-1.041,-44.75
2026-08-28T04:00:45,XLRE,,0.012,45.08,2026-08-24,4,44.65,-0.954,-21.5
2026-08-28T04:00:45,XLY,,-0.01,118.02,2026-08-24,4,115.865,-1.826,-88.36
2026-08-28T04:00:45,XLC,,-0.035,111.4,2026-08-24,4,111.425,0.022,0.55
2026-08-28T05:00:32,XLV,,0.16456935123042515,166.58,2026-08-17,11,171.585,3.005,440.44
2026-08-28T05:00:32,XLF,,0.13305978898007043,57.99,2026-08-17,11,57.885,-0.181,-26.57
2026-08-28T05:00:32,XLE,,0.08798320797621129,62.2,2026-08-17,11,62.28,0.129,18.8
2026-08-28T05:00:32,XLB,,0.065,53.54,2026-08-24,4,53.25,-0.542,-14.5
2026-08-28T05:00:32,XLI,,0.049,180.25,2026-08-24,4,178.82,-0.793,-71.5
2026-08-28T05:00:32,XLK,,0.016,183.35,2026-08-24,4,188.66,2.896,265.5
2026-08-28T05:00:32,XLP,,0.014,85.99,2026-08-24,4,85.095,-1.041,-44.75
2026-08-28T05:00:32,XLRE,,0.012,45.08,2026-08-24,4,44.65,-0.954,-21.5
2026-08-28T05:00:32,XLY,,-0.01,118.02,2026-08-24,4,115.865,-1.826,-88.36
2026-08-28T05:00:32,XLC,,-0.035,111.4,2026-08-24,4,111.425,0.022,0.55
2026-08-28T06:01:06,XLV,,0.16456935123042515,166.58,2026-08-17,11,171.585,3.005,440.44
2026-08-28T06:01:06,XLF,,0.13305978898007043,57.99,2026-08-17,11,57.885,-0.181,-26.57
2026-08-28T06:01:06,XLE,,0.08798320797621129,62.2,2026-08-17,11,62.28,0.129,18.8
2026-08-28T06:01:06,XLB,,0.065,53.54,2026-08-24,4,53.25,-0.542,-14.5
2026-08-28T06:01:06,XLI,,0.049,180.25,2026-08-24,4,178.82,-0.793,-71.5
2026-08-28T06:01:06,XLK,,0.016,183.35,2026-08-24,4,188.66,2.896,265.5
2026-08-28T06:01:06,XLP,,0.014,85.99,2026-08-24,4,85.095,-1.041,-44.75
2026-08-28T06:01:06,XLRE,,0.012,45.08,2026-08-24,4,44.65,-0.954,-21.5
2026-08-28T06:01:06,XLY,,-0.01,118.02,2026-08-24,4,115.865,-1.826,-88.36
2026-08-28T06:01:06,XLC,,-0.035,111.4,2026-08-24,4,111.425,0.022,0.55
2026-08-28T07:00:57,XLV,,0.16456935123042515,166.58,2026-08-17,11,171.585,3.005,440.44
2026-08-28T07:00:57,XLF,,0.13305978898007043,57.99,2026-08-17,11,57.885,-0.181,-26.57
2026-08-28T07:00:57,XLE,,0.08798320797621129,62.2,2026-08-17,11,62.28,0.129,18.8
2026-08-28T07:00:57,XLB,,0.065,53.54,2026-08-24,4,53.25,-0.542,-14.5
2026-08-28T07:00:57,XLI,,0.049,180.25,2026-08-24,4,178.82,-0.793,-71.5
2026-08-28T07:00:57,XLK,,0.016,183.35,2026-08-24,4,188.66,2.896,265.5
2026-08-28T07:00:57,XLP,,0.014,85.99,2026-08-24,4,85.095,-1.041,-44.75
2026-08-28T07:00:57,XLRE,,0.012,45.08,2026-08-24,4,44.65,-0.954,-21.5
2026-08-28T07:00:57,XLY,,-0.01,118.02,2026-08-24,4,115.865,-1.826,-88.36
2026-08-28T07:00:57,XLC,,-0.035,111.4,2026-08-24,4,111.425,0.022,0.55
2026-08-28T08:00:34,XLV,,0.16456935123042515,166.58,2026-08-17,11,171.585,3.005,440.44
2026-08-28T08:00:34,XLF,,0.13305978898007043,57.99,2026-08-17,11,57.885,-0.181,-26.57
2026-08-28T08:00:34,XLE,,0.08798320797621129,62.2,2026-08-17,11,62.28,0.129,18.8
2026-08-28T08:00:34,XLB,,0.065,53.54,2026-08-24,4,53.25,-0.542,-14.5
2026-08-28T08:00:34,XLI,,0.049,180.25,2026-08-24,4,178.82,-0.793,-71.5
2026-08-28T08:00:34,XLK,,0.016,183.35,2026-08-24,4,188.66,2.896,265.5
2026-08-28T08:00:34,XLP,,0.014,85.99,2026-08-24,4,85.095,-1.041,-44.75
2026-08-28T08:00:34,XLRE,,0.012,45.08,2026-08-24,4,44.65,-0.954,-21.5
2026-08-28T08:00:34,XLY,,-0.01,118.02,2026-08-24,4,115.865,-1.826,-88.36
2026-08-28T08:00:34,XLC,,-0.035,111.4,2026-08-24,4,111.425,0.022,0.55
2026-08-28T09:00:48,XLV,,0.16456935123042515,166.58,2026-08-17,11,171.585,3.005,440.44
2026-08-28T09:00:48,XLF,,0.13305978898007043,57.99,2026-08-17,11,57.885,-0.181,-26.57
2026-08-28T09:00:48,XLE,,0.08798320797621129,62.2,2026-08-17,11,62.28,0.129,18.8
2026-08-28T09:00:48,XLB,,0.065,53.54,2026-08-24,4,53.25,-0.542,-14.5
2026-08-28T09:00:48,XLI,,0.049,180.25,2026-08-24,4,178.82,-0.793,-71.5
2026-08-28T09:00:48,XLK,,0.016,183.35,2026-08-24,4,188.66,2.896,265.5
2026-08-28T09:00:48,XLP,,0.014,85.99,2026-08-24,4,85.095,-1.041,-44.75
2026-08-28T09:00:48,XLRE,,0.012,45.08,2026-08-24,4,44.65,-0.954,-21.5
2026-08-28T09:00:48,XLY,,-0.01,118.02,2026-08-24,4,115.865,-1.826,-88.36
2026-08-28T09:00:48,XLC,,-0.035,111.4,2026-08-24,4,111.425,0.022,0.55
2026-08-28T10:00:37,XLV,,0.16456935123042515,166.58,2026-08-17,11,171.585,3.005,440.44
2026-08-28T10:00:37,XLF,,0.13305978898007043,57.99,2026-08-17,11,57.885,-0.181,-26.57
2026-08-28T10:00:37,XLE,,0.08798320797621129,62.2,2026-08-17,11,62.28,0.129,18.8
2026-08-28T10:00:37,XLB,,0.065,53.54,2026-08-24,4,53.25,-0.542,-14.5
2026-08-28T10:00:37,XLI,,0.049,180.25,2026-08-24,4,178.82,-0.793,-71.5
2026-08-28T10:00:37,XLK,,0.016,183.35,2026-08-24,4,188.66,2.896,265.5
2026-08-28T10:00:37,XLP,,0.014,85.99,2026-08-24,4,85.095,-1.041,-44.75
2026-08-28T10:00:37,XLRE,,0.012,45.08,2026-08-24,4,44.65,-0.954,-21.5
2026-08-28T10:00:37,XLY,,-0.01,118.02,2026-08-24,4,115.865,-1.826,-88.36
2026-08-28T10:00:37,XLC,,-0.035,111.4,2026-08-24,4,111.425,0.022,0.55
2026-08-28T11:00:46,XLV,,0.16456935123042515,166.58,2026-08-17,11,171.585,3.005,440.44
2026-08-28T11:00:46,XLF,,0.13305978898007043,57.99,2026-08-17,11,57.885,-0.181,-26.57
2026-08-28T11:00:46,XLE,,0.08798320797621129,62.2,2026-08-17,11,62.28,0.129,18.8
2026-08-28T11:00:46,XLB,,0.065,53.54,2026-08-24,4,53.25,-0.542,-14.5
2026-08-28T11:00:46,XLI,,0.049,180.25,2026-08-24,4,178.82,-0.793,-71.5
2026-08-28T11:00:46,XLK,,0.016,183.35,2026-08-24,4,188.66,2.896,265.5
2026-08-28T11:00:46,XLP,,0.014,85.99,2026-08-24,4,85.095,-1.041,-44.75
2026-08-28T11:00:46,XLRE,,0.012,45.08,2026-08-24,4,44.65,-0.954,-21.5
2026-08-28T11:00:46,XLY,,-0.01,118.02,2026-08-24,4,115.865,-1.826,-88.36
2026-08-28T11:00:46,XLC,,-0.035,111.4,2026-08-24,4,111.425,0.022,0.55
2026-08-28T12:01:09,XLV,,0.16456935123042515,166.58,2026-08-17,11,171.585,3.005,440.44
2026-08-28T12:01:09,XLF,,0.13305978898007043,57.99,2026-08-17,11,57.885,-0.181,-26.57
2026-08-28T12:01:09,XLE,,0.08798320797621129,62.2,2026-08-17,11,62.28,0.129,18.8
2026-08-28T12:01:09,XLB,,0.065,53.54,2026-08-24,4,53.25,-0.542,-14.5
2026-08-28T12:01:09,XLI,,0.049,180.25,2026-08-24,4,178.82,-0.793,-71.5
2026-08-28T12:01:09,XLK,,0.016,183.35,2026-08-24,4,188.66,2.896,265.5
2026-08-28T12:01:09,XLP,,0.014,85.99,2026-08-24,4,85.095,-1.041,-44.75
2026-08-28T12:01:09,XLRE,,0.012,45.08,2026-08-24,4,44.65,-0.954,-21.5
2026-08-28T12:01:09,XLY,,-0.01,118.02,2026-08-24,4,115.865,-1.826,-88.36
2026-08-28T12:01:09,XLC,,-0.035,111.4,2026-08-24,4,111.425,0.022,0.55
2026-08-28T13:01:06,XLV,,0.16456935123042515,166.58,2026-08-17,11,171.585,3.005,440.44
2026-08-28T13:01:06,XLF,,0.13305978898007043,57.99,2026-08-17,11,57.885,-0.181,-26.57
2026-08-28T13:01:06,XLE,,0.08798320797621129,62.2,2026-08-17,11,62.28,0.129,18.8
2026-08-28T13:01:06,XLB,,0.065,53.54,2026-08-24,4,53.25,-0.542,-14.5
2026-08-28T13:01:06,XLI,,0.049,180.25,2026-08-24,4,178.82,-0.793,-71.5
2026-08-28T13:01:06,XLK,,0.016,183.35,2026-08-24,4,188.66,2.896,265.5
2026-08-28T13:01:06,XLP,,0.014,85.99,2026-08-24,4,85.095,-1.041,-44.75
2026-08-28T13:01:06,XLRE,,0.012,45.08,2026-08-24,4,44.65,-0.954,-21.5
2026-08-28T13:01:06,XLY,,-0.01,118.02,2026-08-24,4,115.865,-1.826,-88.36
2026-08-28T13:01:06,XLC,,-0.035,111.4,2026-08-24,4,111.425,0.022,0.55
2026-08-28T14:06:28,XLV,,0.16456935123042515,166.58,2026-08-17,11,171.585,3.005,440.44
2026-08-28T14:06:28,XLF,,0.13305978898007043,57.99,2026-08-17,11,57.885,-0.181,-26.57
2026-08-28T14:06:28,XLE,,0.08798320797621129,62.2,2026-08-17,11,62.28,0.129,18.8
2026-08-28T14:06:28,XLB,,0.065,53.54,2026-08-24,4,53.25,-0.542,-14.5
2026-08-28T14:06:28,XLI,,0.049,180.25,2026-08-24,4,178.82,-0.793,-71.5
2026-08-28T14:06:28,XLK,,0.016,183.35,2026-08-24,4,188.66,2.896,265.5
2026-08-28T14:06:28,XLP,,0.014,85.99,2026-08-24,4,85.095,-1.041,-44.75
2026-08-28T14:06:28,XLRE,,0.012,45.08,2026-08-24,4,44.65,-0.954,-21.5
2026-08-28T14:06:28,XLY,,-0.01,118.02,2026-08-24,4,115.865,-1.826,-88.36
2026-08-28T14:06:28,XLC,,-0.035,111.4,2026-08-24,4,111.425,0.022,0.55
2026-08-28T14:06:28,ARKG,1,0.23084184424684295,49.87,2026-08-28,0,49.89,0.04,1.0
2026-08-28T14:06:28,HACK,2,0.1647862068430226,118.58,2026-08-28,0,118.45,-0.11,-2.86
2026-08-28T14:06:28,IBB,3,0.11181507601722473,214.8,2026-08-28,0,214.785,-0.007,-0.18
2026-08-28T14:06:28,XBI,4,0.10385586776511646,168.23,2026-08-28,0,168.24,0.006,0.15
2026-08-28T14:06:28,VLUE,7,0.06594827606935105,201.3,2026-08-28,0,201.46,0.079,1.92
2026-08-28T14:06:28,GDX,8,0.06537691414188807,103.69,2026-08-28,0,103.645,-0.043,-1.04
2026-08-28T14:06:28,EWT,9,0.06360592479532423,108.63,2026-08-28,0,108.63,0.0,0.0
2026-08-28T14:06:28,XOP,10,0.0601360600532761,185.47,2026-08-28,0,185.45,-0.011,-0.24
2026-08-28T14:06:28,GDXJ,11,0.059585492227979486,134.79,2026-08-28,0,134.795,0.004,0.08
2026-08-28T14:06:28,SCHD,12,0.05779241850329342,34.83,2026-08-28,0,34.825,-0.014,-0.25
2026-08-28T14:06:28,ARKF,14,0.05116804495488614,47.03,2026-08-28,0,47.04,0.021,0.47
2026-08-28T14:06:28,KRE,15,0.05055412070826981,74.35,2026-08-28,0,74.36,0.013,0.29
2026-08-28T14:06:28,VTV,16,0.04942099368441433,225.45,2026-08-28,0,225.49,0.018,0.36
2026-08-28T14:06:28,RSP,17,0.049376194500917236,221.45,2026-08-28,0,221.47,0.009,0.18
2026-08-28T14:06:28,SIZE,19,0.0473804956399857,185.05,2026-08-28,0,184.96,-0.049,-0.99
2026-08-28T14:06:28,IJR,20,0.04616031400036036,146.78,2026-08-28,0,146.745,-0.024,-0.45
2026-08-28T14:06:28,EWC,21,0.0444034952148844,62.26,2026-08-28,0,62.255,-0.008,-0.15
2026-08-28T14:06:28,VO,22,0.044398128616674803,83.09,2026-08-28,0,83.085,-0.006,-0.12
2026-08-28T14:06:28,DIA,23,0.0442742729327521,535.22,2026-08-28,0,535.11,-0.021,-0.33
2026-08-28T14:06:28,QUAL,24,0.043711820245048605,224.6,2026-08-28,0,224.605,0.002,0.04
2026-08-28T14:06:28,USMV,25,0.041332367099746525,101.98,2026-08-28,0,101.965,-0.015,-0.26
2026-08-28T14:06:28,IWM,26,0.03982602758066034,299.81,2026-08-28,0,299.78,-0.01,-0.15
2026-08-28T14:06:28,ARKK,27,0.039498819730757084,87.38,2026-08-28,0,87.46,0.092,1.52
2026-08-28T14:06:28,DVY,28,0.03886930510726816,163.85,2026-08-28,0,163.82,-0.018,-0.3
2026-08-28T14:06:28,SPYG,29,0.038779840735214455,121.84,2026-08-28,0,121.89,0.041,0.65
2026-08-28T14:06:28,VB,30,0.03870644952776425,304.28,2026-08-28,0,304.29,0.003,0.05
2026-08-28T14:06:28,VTI,31,0.038655985023901884,380.63,2026-08-28,0,380.585,-0.012,-0.18
2026-08-28T14:06:28,SPY,32,0.03800305233845802,771.1,2026-08-28,0,771.21,0.014,0.11
2026-08-28T14:06:28,EWJ,33,0.037207149689509,95.84,2026-08-28,0,95.85,0.01,0.15
2026-08-28T14:06:28,VYM,34,0.036991569991052575,164.41,2026-08-28,0,164.425,0.009,0.12
2026-08-28T14:06:28,SPYV,35,0.03686447203300114,63.48,2026-08-28,0,63.49,0.016,0.22
2026-08-28T14:06:28,EWG,36,0.03611137979112211,44.58,2026-08-28,0,44.59,0.022,0.3
2026-08-28T14:06:28,SPHD,37,0.03523400888683481,52.71,2026-08-28,0,52.725,0.028,0.38
2026-08-28T14:06:28,EFA,38,0.034666751117899075,108.02,2026-08-28,0,108.03,0.009,0.11
2026-08-28T14:06:28,XRT,39,0.03393530395625932,86.62,2026-08-28,0,86.6,-0.023,-0.28
2026-08-28T14:06:28,ACWI,40,0.03380996728545127,161.53,2026-08-28,0,161.59,0.037,0.42
2026-08-28T14:06:28,IEFA,41,0.0330132201004778,100.77,2026-08-28,0,100.785,0.015,0.17
2026-08-28T14:06:28,MGK,43,0.03141664662483934,90.48,2026-08-28,0,90.495,0.017,0.18
2026-08-28T14:06:28,MDY,44,0.03098194514521757,698.61,2026-08-28,0,698.63,0.003,0.02
2026-08-28T14:06:28,VUG,45,0.03098017632607597,88.9,2026-08-28,0,88.905,0.006,0.05
2026-08-28T14:06:28,EWU,46,0.029095776159578257,48.63,2026-08-28,0,48.62,-0.021,-0.2
2026-08-28T14:06:28,EWA,47,0.027520353183301483,30.11,2026-08-28,0,30.095,-0.05,-0.47
2026-08-28T14:06:28,VXUS,48,0.027425572320745273,87.93,2026-08-28,0,87.92,-0.011,-0.1
2026-08-28T14:06:28,QQQ,49,0.023599561314473716,721.11,2026-08-28,0,721.06,-0.007,-0.05
2026-08-28T14:06:28,PDBC,50,0.02136139645632662,18.42,2026-08-28,0,18.42,0.0,0.0
2026-08-28T14:06:28,DBA,52,0.016905095159325922,28.82,2026-08-28,0,28.78,-0.139,-1.0
2026-08-28T14:06:28,INDA,53,0.01652832107858626,49.53,2026-08-28,0,49.55,0.04,0.28
2026-08-28T14:06:28,IYR,55,0.01522327403835888,103.79,2026-08-28,0,103.79,0.0,0.0
2026-08-28T14:06:28,VNQ,56,0.014020812062332855,97.65,2026-08-28,0,97.68,0.031,0.18
2026-08-28T14:06:28,XHB,57,0.013235821418050797,104.52,2026-08-28,0,104.51,-0.01,-0.05
2026-08-28T14:06:28,MTUM,59,0.012744951531086013,304.23,2026-08-28,0,304.44,0.069,0.21
2026-08-28T14:06:28,FXI,61,0.010189031447392694,35.24,2026-08-28,0,35.26,0.057,0.22
2026-08-28T14:06:28,EEM,64,0.007260732712038864,67.61,2026-08-28,0,67.61,0.0,0.0
2026-08-28T14:06:28,IEMG,65,0.006662804171494452,82.42,2026-08-28,0,82.415,-0.006,-0.01
2026-08-28T14:06:28,ROBO,66,0.005606230712997595,82.19,2026-08-28,0,82.04,-0.183,-0.3
2026-08-28T14:06:28,KWEB,67,0.0032317331149886996,26.1,2026-08-28,0,26.11,0.038,0.06
2026-08-28T14:06:28,IAU,68,0.0004093734406258598,86.62,2026-08-28,0,86.62,0.0,0.0
2026-08-28T15:06:25,XLV,,0.16456935123042515,166.58,2026-08-17,11,171.585,3.005,440.44
2026-08-28T15:06:25,XLF,,0.13305978898007043,57.99,2026-08-17,11,57.885,-0.181,-26.57
2026-08-28T15:06:25,XLE,,0.08798320797621129,62.2,2026-08-17,11,62.28,0.129,18.8
2026-08-28T15:06:25,XLB,,0.065,53.54,2026-08-24,4,53.25,-0.542,-14.5
2026-08-28T15:06:25,XLI,,0.049,180.25,2026-08-24,4,178.82,-0.793,-71.5
2026-08-28T15:06:25,XLK,,0.016,183.35,2026-08-24,4,188.66,2.896,265.5
2026-08-28T15:06:25,XLP,,0.014,85.99,2026-08-24,4,85.095,-1.041,-44.75
2026-08-28T15:06:25,XLRE,,0.012,45.08,2026-08-24,4,44.65,-0.954,-21.5
2026-08-28T15:06:25,XLY,,-0.01,118.02,2026-08-24,4,115.865,-1.826,-88.36
2026-08-28T15:06:25,XLC,,-0.035,111.4,2026-08-24,4,111.425,0.022,0.55
2026-08-28T15:06:25,ARKG,1,0.23084184424684295,49.87,2026-08-28,0,49.89,0.04,1.0
2026-08-28T15:06:25,HACK,2,0.1647862068430226,118.58,2026-08-28,0,118.45,-0.11,-2.73
2026-08-28T15:06:25,IBB,3,0.11181507601722473,214.8,2026-08-28,0,214.785,-0.007,-0.17
2026-08-28T15:06:25,XBI,4,0.10385586776511646,168.23,2026-08-28,0,168.24,0.006,0.14
2026-08-28T15:06:25,VLUE,7,0.06594827606935105,201.3,2026-08-28,0,201.46,0.079,1.76
2026-08-28T15:06:25,JETS,8,0.06575661158438528,29.35,2026-08-28,0,29.35,0.0,0.0
2026-08-28T15:06:25,GDX,9,0.06537691414188807,103.69,2026-08-28,0,103.645,-0.043,-0.95
2026-08-28T15:06:25,EWT,10,0.06360592479532423,108.63,2026-08-28,0,108.63,0.0,0.0
2026-08-28T15:06:25,XOP,11,0.0601360600532761,185.47,2026-08-28,0,185.45,-0.011,-0.22
2026-08-28T15:06:25,GDXJ,12,0.059585492227979486,134.79,2026-08-28,0,134.795,0.004,0.08
2026-08-28T15:06:25,SCHD,13,0.05779241850329342,34.83,2026-08-28,0,34.825,-0.014,-0.25
2026-08-28T15:06:25,ARKF,15,0.05116804495488614,47.03,2026-08-28,0,47.04,0.021,0.43
2026-08-28T15:06:25,ITA,16,0.05073391925315196,234.26,2026-08-28,0,234.185,-0.032,-0.6
2026-08-28T15:06:25,KRE,17,0.05055412070826981,74.35,2026-08-28,0,74.36,0.013,0.26
2026-08-28T15:06:25,VTV,18,0.04942099368441433,225.45,2026-08-28,0,225.49,0.018,0.32
2026-08-28T15:06:25,RSP,19,0.049376194500917236,221.45,2026-08-28,0,221.47,0.009,0.16
2026-08-28T15:06:25,SIZE,21,0.0473804956399857,185.05,2026-08-28,0,184.96,-0.049,-0.9
2026-08-28T15:06:25,IJR,22,0.04616031400036036,146.78,2026-08-28,0,146.745,-0.024,-0.42
2026-08-28T15:06:25,EWC,23,0.0444034952148844,62.26,2026-08-28,0,62.255,-0.008,-0.14
2026-08-28T15:06:25,VO,24,0.044398128616674803,83.09,2026-08-28,0,83.085,-0.006,-0.11
2026-08-28T15:06:25,DIA,25,0.0442742729327521,535.22,2026-08-28,0,535.11,-0.021,-0.33
2026-08-28T15:06:25,QUAL,26,0.043711820245048605,224.6,2026-08-28,0,224.605,0.002,0.03
2026-08-28T15:06:25,USMV,27,0.041332367099746525,101.98,2026-08-28,0,101.965,-0.015,-0.24
2026-08-28T15:06:25,IWM,28,0.03982602758066034,299.81,2026-08-28,0,299.78,-0.01,-0.15
2026-08-28T15:06:25,ARKK,29,0.039498819730757084,87.38,2026-08-28,0,87.46,0.092,1.44
2026-08-28T15:06:25,DVY,30,0.03886930510726816,163.85,2026-08-28,0,163.82,-0.018,-0.27
2026-08-28T15:06:25,SPYG,31,0.038779840735214455,121.84,2026-08-28,0,121.89,0.041,0.6
2026-08-28T15:06:25,VB,32,0.03870644952776425,304.28,2026-08-28,0,304.29,0.003,0.04
2026-08-28T15:06:25,VTI,33,0.038655985023901884,380.63,2026-08-28,0,380.585,-0.012,-0.14
2026-08-28T15:06:25,SPY,34,0.03800305233845802,771.1,2026-08-28,0,771.21,0.014,0.11
2026-08-28T15:06:25,EWJ,35,0.037207149689509,95.84,2026-08-28,0,95.85,0.01,0.14
2026-08-28T15:06:25,VYM,36,0.036991569991052575,164.41,2026-08-28,0,164.425,0.009,0.12
2026-08-28T15:06:25,SPYV,37,0.03686447203300114,63.48,2026-08-28,0,63.49,0.016,0.21
2026-08-28T15:06:25,EWG,38,0.03611137979112211,44.58,2026-08-28,0,44.59,0.022,0.29
2026-08-28T15:06:25,SPHD,39,0.03523400888683481,52.71,2026-08-28,0,52.725,0.028,0.36
2026-08-28T15:06:25,EFA,40,0.034666751117899075,108.02,2026-08-28,0,108.03,0.009,0.11
2026-08-28T15:06:25,XRT,41,0.03393530395625932,86.62,2026-08-28,0,86.6,-0.023,-0.26
2026-08-28T15:06:25,ACWI,42,0.03380996728545127,161.53,2026-08-28,0,161.59,0.037,0.42
2026-08-28T15:06:25,IEFA,43,0.0330132201004778,100.77,2026-08-28,0,100.785,0.015,0.17
2026-08-28T15:06:25,VEA,45,0.031612962661129895,73.42,2026-08-28,0,73.405,-0.02,-0.21
2026-08-28T15:06:25,MGK,46,0.03141664662483934,90.48,2026-08-28,0,90.495,0.017,0.17
2026-08-28T15:06:25,MDY,47,0.03098194514521757,698.61,2026-08-28,0,698.63,0.003,0.02
2026-08-28T15:06:25,VUG,48,0.03098017632607597,88.9,2026-08-28,0,88.905,0.006,0.05
2026-08-28T15:06:25,EWU,49,0.029095776159578257,48.63,2026-08-28,0,48.62,-0.021,-0.19
2026-08-28T15:06:25,EWA,50,0.027520353183301483,30.11,2026-08-28,0,30.095,-0.05,-0.44
2026-08-28T15:06:25,VXUS,51,0.027425572320745273,87.93,2026-08-28,0,87.92,-0.011,-0.09
2026-08-28T15:06:25,QQQ,52,0.023599561314473716,721.11,2026-08-28,0,721.06,-0.007,-0.05
2026-08-28T15:06:25,PDBC,53,0.02136139645632662,18.42,2026-08-28,0,18.42,0.0,0.0
2026-08-28T15:06:25,DBA,55,0.016905095159325922,28.82,2026-08-28,0,28.78,-0.139,-1.0
2026-08-28T15:06:25,INDA,56,0.01652832107858626,49.53,2026-08-28,0,49.55,0.04,0.28
2026-08-28T15:06:25,VWO,57,0.01614604284202792,61.01,2026-08-28,0,61.005,-0.008,-0.05
2026-08-28T15:06:25,IYR,59,0.01522327403835888,103.79,2026-08-28,0,103.79,0.0,0.0
2026-08-28T15:06:25,VNQ,60,0.014020812062332855,97.65,2026-08-28,0,97.68,0.031,0.15
2026-08-28T15:06:25,XHB,61,0.013235821418050797,104.52,2026-08-28,0,104.51,-0.01,-0.05
2026-08-28T15:06:25,MTUM,63,0.012744951531086013,304.23,2026-08-28,0,304.44,0.069,0.21
2026-08-28T15:06:25,FXI,65,0.010189031447392694,35.24,2026-08-28,0,35.26,0.057,0.22
2026-08-28T15:06:25,XME,67,0.009000057928985727,123.0,2026-08-28,0,122.98,-0.016,-0.04
2026-08-28T15:06:25,EEM,69,0.007260732712038864,67.61,2026-08-28,0,67.61,0.0,0.0
2026-08-28T15:06:25,IEMG,70,0.006662804171494452,82.42,2026-08-28,0,82.415,-0.006,-0.01
2026-08-28T15:06:25,ROBO,71,0.005606230712997595,82.19,2026-08-28,0,82.04,-0.183,-0.3
2026-08-28T15:06:25,KWEB,72,0.0032317331149886996,26.1,2026-08-28,0,26.11,0.038,0.06
2026-08-28T15:06:25,IAU,73,0.0004093734406258598,86.62,2026-08-28,0,86.62,0.0,0.0
2026-08-28T16:13:10,XLV,,0.16456935123042515,166.58,2026-08-17,11,171.585,3.005,440.44
2026-08-28T16:13:10,XLF,,0.13305978898007043,57.99,2026-08-17,11,57.885,-0.181,-26.57
2026-08-28T16:13:10,XLE,,0.08798320797621129,62.2,2026-08-17,11,62.28,0.129,18.8
2026-08-28T16:13:10,XLB,,0.065,53.54,2026-08-24,4,53.25,-0.542,-14.5
2026-08-28T16:13:10,XLI,,0.049,180.25,2026-08-24,4,178.82,-0.793,-71.5
2026-08-28T16:13:10,XLK,,0.016,183.35,2026-08-24,4,188.66,2.896,265.5
2026-08-28T16:13:10,XLP,,0.014,85.99,2026-08-24,4,85.095,-1.041,-44.75
2026-08-28T16:13:10,XLRE,,0.012,45.08,2026-08-24,4,44.65,-0.954,-21.5
2026-08-28T16:13:10,XLY,,-0.01,118.02,2026-08-24,4,115.865,-1.826,-88.36
2026-08-28T16:13:10,XLC,,-0.035,111.4,2026-08-24,4,111.425,0.022,0.55
2026-08-28T16:13:10,ARKG,1,0.23084184424684295,49.87,2026-08-28,0,49.89,0.04,1.0
2026-08-28T16:13:10,HACK,2,0.1647862068430226,118.58,2026-08-28,0,118.45,-0.11,-2.86
2026-08-28T16:13:10,IBB,3,0.11181507601722473,214.8,2026-08-28,0,214.785,-0.007,-0.18
2026-08-28T16:13:10,XBI,4,0.10385586776511646,168.23,2026-08-28,0,168.24,0.006,0.15
2026-08-28T16:13:10,VLUE,7,0.06594827606935105,201.3,2026-08-28,0,201.46,0.079,1.92
2026-08-28T16:13:10,EWT,8,0.06360592479532423,108.63,2026-08-28,0,108.63,0.0,0.0
2026-08-28T16:13:10,XOP,9,0.0601360600532761,185.47,2026-08-28,0,185.45,-0.011,-0.24
2026-08-28T16:13:10,GDXJ,10,0.059585492227979486,134.79,2026-08-28,0,134.795,0.004,0.08
2026-08-28T16:13:10,SCHD,11,0.05779241850329342,34.83,2026-08-28,0,34.825,-0.014,-0.25
2026-08-28T16:13:10,ARKF,13,0.05116804495488614,47.03,2026-08-28,0,47.04,0.021,0.47
2026-08-28T16:13:10,ITA,14,0.05073391925315196,234.26,2026-08-28,0,234.185,-0.032,-0.67
2026-08-28T16:13:10,KRE,15,0.05055412070826981,74.35,2026-08-28,0,74.36,0.013,0.28
2026-08-28T16:13:10,VTV,16,0.04942099368441433,225.45,2026-08-28,0,225.49,0.018,0.36
2026-08-28T16:13:10,RSP,17,0.049376194500917236,221.45,2026-08-28,0,221.47,0.009,0.18
2026-08-28T16:13:10,SIZE,19,0.0473804956399857,185.05,2026-08-28,0,184.96,-0.049,-0.9
2026-08-28T16:13:10,IJR,20,0.04616031400036036,146.78,2026-08-28,0,146.745,-0.024,-0.45
2026-08-28T16:13:10,EWC,21,0.0444034952148844,62.26,2026-08-28,0,62.255,-0.008,-0.15
2026-08-28T16:13:10,VO,22,0.044398128616674803,83.09,2026-08-28,0,83.085,-0.006,-0.11
2026-08-28T16:13:10,DIA,23,0.0442742729327521,535.22,2026-08-28,0,535.11,-0.021,-0.33
2026-08-28T16:13:10,QUAL,24,0.043711820245048605,224.6,2026-08-28,0,224.605,0.002,0.04
2026-08-28T16:13:10,USMV,25,0.041332367099746525,101.98,2026-08-28,0,101.965,-0.015,-0.26
2026-08-28T16:13:10,IWM,26,0.03982602758066034,299.81,2026-08-28,0,299.78,-0.01,-0.15
2026-08-28T16:13:10,ARKK,27,0.039498819730757084,87.38,2026-08-28,0,87.46,0.092,1.52
2026-08-28T16:13:10,DVY,28,0.03886930510726816,163.85,2026-08-28,0,163.82,-0.018,-0.3
2026-08-28T16:13:10,SPYG,29,0.038779840735214455,121.84,2026-08-28,0,121.89,0.041,0.65
2026-08-28T16:13:10,VB,30,0.03870644952776425,304.28,2026-08-28,0,304.29,0.003,0.05
2026-08-28T16:13:10,VTI,31,0.038655985023901884,380.63,2026-08-28,0,380.585,-0.012,-0.18
2026-08-28T16:13:10,SPY,32,0.03800305233845802,771.1,2026-08-28,0,771.21,0.014,0.11
2026-08-28T16:13:10,EWJ,33,0.037207149689509,95.84,2026-08-28,0,95.85,0.01,0.15
2026-08-28T16:13:10,VYM,34,0.036991569991052575,164.41,2026-08-28,0,164.425,0.009,0.12
2026-08-28T16:13:10,SPYV,35,0.03686447203300114,63.48,2026-08-28,0,63.49,0.016,0.22
2026-08-28T16:13:10,EWG,36,0.03611137979112211,44.58,2026-08-28,0,44.59,0.022,0.3
2026-08-28T16:13:10,SPHD,37,0.03523400888683481,52.71,2026-08-28,0,52.725,0.028,0.38
2026-08-28T16:13:10,EFA,38,0.034666751117899075,108.02,2026-08-28,0,108.03,0.009,0.12
2026-08-28T16:13:10,XRT,39,0.03393530395625932,86.62,2026-08-28,0,86.6,-0.023,-0.28
2026-08-28T16:13:10,ACWI,40,0.03380996728545127,161.53,2026-08-28,0,161.59,0.037,0.42
2026-08-28T16:13:10,IEFA,41,0.0330132201004778,100.77,2026-08-28,0,100.785,0.015,0.17
2026-08-28T16:13:10,VEA,43,0.031612962661129895,73.42,2026-08-28,0,73.405,-0.02,-0.23
2026-08-28T16:13:10,MGK,44,0.03141664662483934,90.48,2026-08-28,0,90.495,0.017,0.17
2026-08-28T16:13:10,MDY,45,0.03098194514521757,698.61,2026-08-28,0,698.63,0.003,0.02
2026-08-28T16:13:10,VUG,46,0.03098017632607597,88.9,2026-08-28,0,88.905,0.006,0.05
2026-08-28T16:13:10,EWU,47,0.029095776159578257,48.63,2026-08-28,0,48.62,-0.021,-0.19
2026-08-28T16:13:10,EWA,48,0.027520353183301483,30.11,2026-08-28,0,30.095,-0.05,-0.45
2026-08-28T16:13:10,VXUS,49,0.027425572320745273,87.93,2026-08-28,0,87.92,-0.011,-0.1
2026-08-28T16:13:10,QQQ,50,0.023599561314473716,721.11,2026-08-28,0,721.06,-0.007,-0.05
2026-08-28T16:13:10,PDBC,51,0.02136139645632662,18.42,2026-08-28,0,18.42,0.0,0.0
2026-08-28T16:13:10,DBA,53,0.016905095159325922,28.82,2026-08-28,0,28.78,-0.139,-1.0
2026-08-28T16:13:10,INDA,54,0.01652832107858626,49.53,2026-08-28,0,49.55,0.04,0.28
2026-08-28T16:13:10,VWO,55,0.01614604284202792,61.01,2026-08-28,0,61.005,-0.008,-0.05
2026-08-28T16:13:10,IYR,57,0.01522327403835888,103.79,2026-08-28,0,103.79,0.0,0.0
2026-08-28T16:13:10,XHB,58,0.013235821418050797,104.52,2026-08-28,0,104.51,-0.01,-0.05
2026-08-28T16:13:10,MTUM,60,0.012744951531086013,304.23,2026-08-28,0,304.44,0.069,0.21
2026-08-28T16:13:10,FXI,62,0.010189031447392694,35.24,2026-08-28,0,35.26,0.057,0.22
2026-08-28T16:13:10,XME,64,0.009000057928985727,123.0,2026-08-28,0,122.98,-0.016,-0.04
2026-08-28T16:13:10,EEM,66,0.007260732712038864,67.61,2026-08-28,0,67.61,0.0,0.0
2026-08-28T16:13:10,IEMG,67,0.006662804171494452,82.42,2026-08-28,0,82.415,-0.006,-0.01
2026-08-28T16:13:10,ROBO,68,0.005606230712997595,82.19,2026-08-28,0,82.04,-0.183,-0.3
2026-08-28T16:13:10,KWEB,69,0.0032317331149886996,26.1,2026-08-28,0,26.11,0.038,0.05
2026-08-28T16:13:10,IAU,70,0.0004093734406258598,86.62,2026-08-28,0,86.62,0.0,0.0
2026-08-28T17:54:57,XLV,,0.16456935123042515,166.58,2026-08-17,11,171.585,3.005,440.44
2026-08-28T17:54:57,XLF,,0.13305978898007043,57.99,2026-08-17,11,57.885,-0.181,-26.57
2026-08-28T17:54:57,XLE,,0.08798320797621129,62.2,2026-08-17,11,62.28,0.129,18.8
2026-08-28T17:54:57,XLB,,0.065,53.54,2026-08-24,4,53.25,-0.542,-14.5
2026-08-28T17:54:57,XLI,,0.049,180.25,2026-08-24,4,178.82,-0.793,-71.5
2026-08-28T17:54:57,XLK,,0.016,183.35,2026-08-24,4,188.66,2.896,265.5
2026-08-28T17:54:57,XLP,,0.014,85.99,2026-08-24,4,85.095,-1.041,-44.75
2026-08-28T17:54:57,XLRE,,0.012,45.08,2026-08-24,4,44.65,-0.954,-21.5
2026-08-28T17:54:57,XLY,,-0.01,118.02,2026-08-24,4,115.865,-1.826,-88.36
2026-08-28T17:54:57,XLC,,-0.035,111.4,2026-08-24,4,111.425,0.022,0.55
2026-08-28T17:54:57,ARKG,1,0.23084184424684295,49.87,2026-08-28,0,49.89,0.04,1.0
2026-08-28T17:54:57,HACK,2,0.1647862068430226,118.58,2026-08-28,0,118.45,-0.11,-2.86
2026-08-28T17:54:57,IBB,3,0.11181507601722473,214.8,2026-08-28,0,214.785,-0.007,-0.18
2026-08-28T17:54:57,VLUE,6,0.06594827606935105,201.3,2026-08-28,0,201.46,0.079,1.92
2026-08-28T17:54:57,GDX,7,0.06537691414188807,103.69,2026-08-28,0,103.645,-0.043,-1.08
2026-08-28T17:54:57,EWT,8,0.06360592479532423,108.63,2026-08-28,0,108.63,0.0,0.0
2026-08-28T17:54:57,XOP,9,0.0601360600532761,185.47,2026-08-28,0,185.45,-0.011,-0.26
2026-08-28T17:54:57,GDXJ,10,0.059585492227979486,134.79,2026-08-28,0,134.795,0.004,0.08
2026-08-28T17:54:57,SCHD,11,0.05779241850329342,34.83,2026-08-28,0,34.825,-0.014,-0.25
2026-08-28T17:54:57,ARKF,13,0.05116804495488614,47.03,2026-08-28,0,47.04,0.021,0.48
2026-08-28T17:54:57,ITA,14,0.05073391925315196,234.26,2026-08-28,0,234.185,-0.032,-0.67
2026-08-28T17:54:57,KRE,15,0.05055412070826981,74.35,2026-08-28,0,74.36,0.013,0.29
2026-08-28T17:54:57,VTV,16,0.04942099368441433,225.45,2026-08-28,0,225.49,0.018,0.36
2026-08-28T17:54:57,RSP,17,0.049376194500917236,221.45,2026-08-28,0,221.47,0.009,0.18
2026-08-28T17:54:57,SIZE,19,0.0473804956399857,185.05,2026-08-28,0,184.96,-0.049,-0.99
2026-08-28T17:54:57,IJR,20,0.04616031400036036,146.78,2026-08-28,0,146.745,-0.024,-0.45
2026-08-28T17:54:57,EWC,21,0.0444034952148844,62.26,2026-08-28,0,62.255,-0.008,-0.15
2026-08-28T17:54:57,VO,22,0.044398128616674803,83.09,2026-08-28,0,83.085,-0.006,-0.12
2026-08-28T17:54:57,QUAL,23,0.043711820245048605,224.6,2026-08-28,0,224.605,0.002,0.04
2026-08-28T17:54:57,USMV,24,0.041332367099746525,101.98,2026-08-28,0,101.965,-0.015,-0.27
2026-08-28T17:54:57,IWM,25,0.03982602758066034,299.81,2026-08-28,0,299.78,-0.01,-0.18
2026-08-28T17:54:57,ARKK,26,0.039498819730757084,87.38,2026-08-28,0,87.46,0.092,1.6
2026-08-28T17:54:57,DVY,27,0.03886930510726816,163.85,2026-08-28,0,163.82,-0.018,-0.3
2026-08-28T17:54:57,SPYG,28,0.038779840735214455,121.84,2026-08-28,0,121.89,0.041,0.65
2026-08-28T17:54:57,VB,29,0.03870644952776425,304.28,2026-08-28,0,304.29,0.003,0.05
2026-08-28T17:54:57,VTI,30,0.038655985023901884,380.63,2026-08-28,0,380.585,-0.012,-0.18
2026-08-28T17:54:57,SPY,31,0.03800305233845802,771.1,2026-08-28,0,771.21,0.014,0.22
2026-08-28T17:54:57,EWJ,32,0.037207149689509,95.84,2026-08-28,0,95.85,0.01,0.15
2026-08-28T17:54:57,VYM,33,0.036991569991052575,164.41,2026-08-28,0,164.425,0.009,0.14
2026-08-28T17:54:57,SPYV,34,0.03686447203300114,63.48,2026-08-28,0,63.49,0.016,0.22
2026-08-28T17:54:57,EWG,35,0.03611137979112211,44.58,2026-08-28,0,44.59,0.022,0.31
2026-08-28T17:54:57,SPHD,36,0.03523400888683481,52.71,2026-08-28,0,52.725,0.028,0.39
2026-08-28T17:54:57,EFA,37,0.034666751117899075,108.02,2026-08-28,0,108.03,0.009,0.12
2026-08-28T17:54:57,XRT,38,0.03393530395625932,86.62,2026-08-28,0,86.6,-0.023,-0.28
2026-08-28T17:54:57,ACWI,39,0.03380996728545127,161.53,2026-08-28,0,161.59,0.037,0.42
2026-08-28T17:54:57,IEFA,40,0.0330132201004778,100.77,2026-08-28,0,100.785,0.015,0.18
2026-08-28T17:54:57,VEA,42,0.031612962661129895,73.42,2026-08-28,0,73.405,-0.02,-0.23
2026-08-28T17:54:57,MGK,43,0.03141664662483934,90.48,2026-08-28,0,90.495,0.017,0.18
2026-08-28T17:54:57,MDY,44,0.03098194514521757,698.61,2026-08-28,0,698.63,0.003,0.02
2026-08-28T17:54:57,VUG,45,0.03098017632607597,88.9,2026-08-28,0,88.905,0.006,0.05
2026-08-28T17:54:57,EWU,46,0.029095776159578257,48.63,2026-08-28,0,48.62,-0.021,-0.2
2026-08-28T17:54:57,EWA,47,0.027520353183301483,30.11,2026-08-28,0,30.095,-0.05,-0.47
2026-08-28T17:54:57,VXUS,48,0.027425572320745273,87.93,2026-08-28,0,87.92,-0.011,-0.1
2026-08-28T17:54:57,QQQ,49,0.023599561314473716,721.11,2026-08-28,0,721.06,-0.007,-0.05
2026-08-28T17:54:57,PDBC,50,0.02136139645632662,18.42,2026-08-28,0,18.42,0.0,0.0
2026-08-28T17:54:57,DBA,52,0.016905095159325922,28.82,2026-08-28,0,28.78,-0.139,-1.0
2026-08-28T17:54:57,INDA,53,0.01652832107858626,49.53,2026-08-28,0,49.55,0.04,0.28
2026-08-28T17:54:57,VWO,54,0.01614604284202792,61.01,2026-08-28,0,61.005,-0.008,-0.05
2026-08-28T17:54:57,IYR,56,0.01522327403835888,103.79,2026-08-28,0,103.79,0.0,0.0
2026-08-28T17:54:57,VNQ,57,0.014020812062332855,97.65,2026-08-28,0,97.68,0.031,0.15
2026-08-28T17:54:57,MTUM,58,0.012744951531086013,304.23,2026-08-28,0,304.44,0.069,0.21
2026-08-28T17:54:57,FXI,60,0.010189031447392694,35.24,2026-08-28,0,35.26,0.057,0.24
2026-08-28T17:54:57,EEM,63,0.007260732712038864,67.61,2026-08-28,0,67.61,0.0,0.0
2026-08-28T17:54:57,IEMG,64,0.006662804171494452,82.42,2026-08-28,0,82.415,-0.006,-0.01
2026-08-28T17:54:57,ROBO,65,0.005606230712997595,82.19,2026-08-28,0,82.04,-0.183,-0.3
2026-08-28T17:54:57,KWEB,66,0.0032317331149886996,26.1,2026-08-28,0,26.11,0.038,0.07
2026-08-28T17:54:57,IAU,67,0.0004093734406258598,86.62,2026-08-28,0,86.62,0.0,0.0
2026-08-28T18:52:29,XLV,,0.16456935123042515,166.58,2026-08-17,11,171.025,2.668,391.16
2026-08-28T18:52:29,XLF,,0.13305978898007043,57.99,2026-08-17,11,58.075,0.147,21.51
2026-08-28T18:52:29,XLE,,0.08798320797621129,62.2,2026-08-17,11,62.4,0.322,47.0
2026-08-28T18:52:29,XLB,,0.065,53.54,2026-08-24,4,53.6,0.112,3.0
2026-08-28T18:52:29,XLI,,0.049,180.25,2026-08-24,4,178.94,-0.727,-65.5
2026-08-28T18:52:29,XLK,,0.016,183.35,2026-08-24,4,187.96,2.514,230.5
2026-08-28T18:52:29,XLP,,0.014,85.99,2026-08-24,4,85.355,-0.738,-31.75
2026-08-28T18:52:29,XLRE,,0.012,45.08,2026-08-24,4,44.69,-0.865,-19.5
2026-08-28T18:52:29,XLY,,-0.01,118.02,2026-08-24,4,116.775,-1.055,-51.04
2026-08-28T18:52:29,XLC,,-0.035,111.4,2026-08-24,4,112.265,0.776,19.03
2026-08-28T18:52:29,ARKG,1,0.23084184424684295,49.87,2026-08-28,0,49.3,-1.143,-28.5
2026-08-28T18:52:29,HACK,2,0.1647862068430226,118.58,2026-08-28,0,116.75,-1.543,-43.92
2026-08-28T18:52:29,VLUE,5,0.06594827606935105,201.3,2026-08-28,0,201.64,0.169,4.42
2026-08-28T18:52:29,JETS,6,0.06575661158438528,29.35,2026-08-28,0,29.53,0.613,9.0
2026-08-28T18:52:29,GDX,7,0.06537691414188807,103.69,2026-08-28,0,103.415,-0.265,-6.87
2026-08-28T18:52:29,EWT,8,0.06360592479532423,108.63,2026-08-28,0,109.27,0.589,14.72
2026-08-28T18:52:29,XOP,9,0.0601360600532761,185.47,2026-08-28,0,186.71,0.669,16.12
2026-08-28T18:52:29,GDXJ,10,0.059585492227979486,134.79,2026-08-28,0,134.83,0.03,0.72
2026-08-28T18:52:29,SCHD,11,0.05779241850329342,34.83,2026-08-28,0,34.885,0.158,2.75
2026-08-28T18:52:29,ARKF,13,0.05116804495488614,47.03,2026-08-28,0,47.005,-0.053,-1.25
2026-08-28T18:52:29,ITA,14,0.05073391925315196,234.26,2026-08-28,0,234.275,0.006,0.14
2026-08-28T18:52:29,KRE,15,0.05055412070826981,74.35,2026-08-28,0,74.61,0.35,7.8
2026-08-28T18:52:29,VTV,16,0.04942099368441433,225.45,2026-08-28,0,225.64,0.084,1.71
2026-08-28T18:52:29,RSP,17,0.049376194500917236,221.45,2026-08-28,0,221.88,0.194,3.87
2026-08-28T18:52:29,SIZE,19,0.0473804956399857,185.05,2026-08-28,0,185.3,0.135,2.75
2026-08-28T18:52:29,EWC,20,0.0444034952148844,62.26,2026-08-28,0,62.425,0.265,5.44
2026-08-28T18:52:29,VO,21,0.044398128616674803,83.09,2026-08-28,0,83.125,0.042,0.84
2026-08-28T18:52:29,QUAL,22,0.043711820245048605,224.6,2026-08-28,0,224.73,0.058,1.04
2026-08-28T18:52:29,USMV,23,0.041332367099746525,101.98,2026-08-28,0,101.975,-0.005,-0.1
2026-08-28T18:52:29,IWM,24,0.03982602758066034,299.81,2026-08-28,0,299.66,-0.05,-0.9
2026-08-28T18:52:29,ARKK,25,0.039498819730757084,87.38,2026-08-28,0,87.12,-0.298,-5.46
2026-08-28T18:52:29,DVY,26,0.03886930510726816,163.85,2026-08-28,0,164.74,0.543,9.79
2026-08-28T18:52:29,SPYG,27,0.038779840735214455,121.84,2026-08-28,0,121.98,0.115,1.96
2026-08-28T18:52:29,VB,28,0.03870644952776425,304.28,2026-08-28,0,304.76,0.158,2.4
2026-08-28T18:52:29,VTI,29,0.038655985023901884,380.63,2026-08-28,0,381.125,0.13,1.98
2026-08-28T18:52:29,SPY,30,0.03800305233845802,771.1,2026-08-28,0,772.1,0.13,2.0
2026-08-28T18:52:29,VYM,31,0.036991569991052575,164.41,2026-08-28,0,164.795,0.234,3.46
2026-08-28T18:52:29,SPYV,32,0.03686447203300114,63.48,2026-08-28,0,63.61,0.205,3.12
2026-08-28T18:52:29,EWG,33,0.03611137979112211,44.58,2026-08-28,0,44.77,0.426,6.27
2026-08-28T18:52:29,SPHD,34,0.03523400888683481,52.71,2026-08-28,0,53.005,0.56,7.97
2026-08-28T18:52:29,EFA,35,0.034666751117899075,108.02,2026-08-28,0,108.42,0.37,5.2
2026-08-28T18:52:29,XRT,36,0.03393530395625932,86.62,2026-08-28,0,87.22,0.693,9.0
2026-08-28T18:52:29,ACWI,37,0.03380996728545127,161.53,2026-08-28,0,161.89,0.223,2.88
2026-08-28T18:52:29,IEFA,38,0.0330132201004778,100.77,2026-08-28,0,101.155,0.382,4.62
2026-08-28T18:52:29,VEA,40,0.031612962661129895,73.42,2026-08-28,0,73.625,0.279,3.28
2026-08-28T18:52:29,MGK,41,0.03141664662483934,90.48,2026-08-28,0,90.615,0.149,1.62
2026-08-28T18:52:29,VUG,42,0.03098017632607597,88.9,2026-08-28,0,89.035,0.152,1.62
2026-08-28T18:52:29,EWU,43,0.029095776159578257,48.63,2026-08-28,0,48.61,-0.041,-0.42
2026-08-28T18:52:29,EWA,44,0.027520353183301483,30.11,2026-08-28,0,30.245,0.448,4.46
2026-08-28T18:52:29,VXUS,45,0.027425572320745273,87.93,2026-08-28,0,88.19,0.296,2.86
2026-08-28T18:52:29,QQQ,46,0.023599561314473716,721.11,2026-08-28,0,719.96,-0.159,-1.15
2026-08-28T18:52:29,PDBC,47,0.02136139645632662,18.42,2026-08-28,0,18.4,-0.109,-0.94
2026-08-28T18:52:29,DBA,49,0.016905095159325922,28.82,2026-08-28,0,29.02,0.694,5.4
2026-08-28T18:52:29,INDA,50,0.01652832107858626,49.53,2026-08-28,0,49.73,0.404,3.0
2026-08-28T18:52:29,VWO,51,0.01614604284202792,61.01,2026-08-28,0,61.185,0.287,1.93
2026-08-28T18:52:29,IYR,53,0.01522327403835888,103.79,2026-08-28,0,103.9,0.106,0.55
2026-08-28T18:52:29,VNQ,54,0.014020812062332855,97.65,2026-08-28,0,97.75,0.102,0.5
2026-08-28T18:52:29,MTUM,56,0.012744951531086013,304.23,2026-08-28,0,303.0,-0.404,-1.23
2026-08-28T18:52:29,FXI,58,0.010189031447392694,35.24,2026-08-28,0,35.56,0.908,3.52
2026-08-28T18:52:29,XME,60,0.009000057928985727,123.0,2026-08-28,0,123.31,0.252,0.62
2026-08-28T18:52:29,EEM,62,0.007260732712038864,67.61,2026-08-28,0,67.67,0.089,0.18
2026-08-28T18:52:29,IEMG,63,0.006662804171494452,82.42,2026-08-28,0,82.515,0.115,0.19
2026-08-28T18:52:29,KWEB,64,0.0032317331149886996,26.1,2026-08-28,0,26.45,1.341,1.75
2026-08-28T18:52:29,IAU,65,0.0004093734406258598,86.62,2026-08-28,0,86.55,-0.081,-0.07
2026-08-28T19:53:56,XLV,,0.16456935123042515,166.58,2026-08-17,11,171.18,2.761,404.8
2026-08-28T19:53:56,XLF,,0.13305978898007043,57.99,2026-08-17,11,58.095,0.181,26.56
2026-08-28T19:53:56,XLE,,0.08798320797621129,62.2,2026-08-17,11,62.37,0.273,39.95
2026-08-28T19:53:56,XLB,,0.065,53.54,2026-08-24,4,53.15,-0.728,-19.5
2026-08-28T19:53:56,XLI,,0.049,180.25,2026-08-24,4,178.05,-1.221,-110.0
2026-08-28T19:53:56,XLK,,0.016,183.35,2026-08-24,4,188.08,2.58,236.5
2026-08-28T19:53:56,XLP,,0.014,85.99,2026-08-24,4,85.415,-0.669,-28.75
2026-08-28T19:53:56,XLRE,,0.012,45.08,2026-08-24,4,44.75,-0.732,-16.5
2026-08-28T19:53:56,XLY,,-0.01,118.02,2026-08-24,4,116.8,-1.034,-50.02
2026-08-28T19:53:56,XLC,,-0.035,111.4,2026-08-24,4,112.735,1.198,29.37
2026-08-28T19:53:56,ARKG,1,0.23798425438092585,49.21,2026-08-28,0,49.06,-0.305,-7.5
2026-08-28T19:53:56,IBB,2,0.11640899578351749,213.095,2026-08-28,0,211.07,-0.95,-24.3
2026-08-28T19:53:56,XBI,3,0.10774436648814412,166.61,2026-08-28,0,165.13,-0.888,-23.68
2026-08-28T19:53:56,GDX,5,0.08176500923961094,104.26,2026-08-28,0,102.545,-1.645,-41.16
2026-08-28T19:53:56,GDXJ,6,0.07625372515564233,135.64,2026-08-28,0,133.44,-1.622,-39.6
2026-08-28T19:53:56,EWT,8,0.06614035373772609,109.55,2026-08-28,0,109.46,-0.082,-1.98
2026-08-28T19:53:56,VLUE,9,0.06556747786013561,201.47,2026-08-28,0,202.21,0.367,8.88
2026-08-28T19:53:56,XOP,10,0.06219745258698861,185.46,2026-08-28,0,185.43,-0.016,-0.36
2026-08-28T19:53:56,JETS,11,0.061082703993277754,29.56,2026-08-28,0,29.41,-0.507,-7.5
2026-08-28T19:53:56,SCHD,13,0.058542196856718576,34.87,2026-08-28,0,34.895,0.072,1.25
2026-08-28T19:53:56,ARKF,14,0.0576807265194037,46.84,2026-08-28,0,46.905,0.139,3.05
2026-08-28T19:53:56,RSP,15,0.04957780590240035,221.8,2026-08-28,0,221.38,-0.189,-3.78
2026-08-28T19:53:56,VTV,16,0.04940402687811307,225.8,2026-08-28,0,225.75,-0.022,-0.45
2026-08-28T19:53:56,ITA,17,0.049251760572794234,235.24,2026-08-28,0,233.39,-0.786,-16.65
2026-08-28T19:53:56,KRE,19,0.04841808897930888,74.61,2026-08-28,0,74.33,-0.375,-7.56
2026-08-28T19:53:56,SIZE,20,0.0473804956399857,185.05,2026-08-28,0,184.75,-0.162,-3.0
2026-08-28T19:53:56,ARKK,21,0.047043512746566485,86.71,2026-08-28,0,86.67,-0.046,-0.88
2026-08-28T19:53:56,EWC,22,0.045773088843763965,62.4,2026-08-28,0,62.025,-0.601,-11.25
2026-08-28T19:53:56,IJR,23,0.04521703300967572,147.09,2026-08-28,0,146.685,-0.275,-4.86
2026-08-28T19:53:56,VO,24,0.04441814456743387,83.15,2026-08-28,0,82.965,-0.222,-4.07
2026-08-28T19:53:56,DIA,25,0.04401475515057496,536.54,2026-08-28,0,535.88,-0.123,-1.98
2026-08-28T19:53:56,USMV,26,0.0424863574493084,101.99,2026-08-28,0,102.035,0.044,0.77
2026-08-28T19:53:56,IWM,27,0.03960654865068447,299.7,2026-08-28,0,298.51,-0.397,-5.95
2026-08-28T19:53:56,DVY,28,0.03906684064983379,164.5,2026-08-28,0,164.22,-0.17,-2.8
2026-08-28T19:53:56,VB,29,0.03895906923860304,304.77,2026-08-28,0,303.01,-0.577,-8.8
2026-08-28T19:53:56,SPYG,30,0.03887371673733231,121.87,2026-08-28,0,122.03,0.131,2.08
2026-08-28T19:53:56,VTI,31,0.038818801797149805,380.93,2026-08-28,0,381.015,0.022,0.34
2026-08-28T19:53:56,EWJ,32,0.03825383946613048,96.63,2026-08-28,0,96.66,0.031,0.45
2026-08-28T19:53:56,SPY,33,0.03809525345182396,771.76,2026-08-28,0,772.43,0.087,0.67
2026-08-28T19:53:56,EWG,34,0.03726387527335828,44.8,2026-08-28,0,44.72,-0.179,-2.56
2026-08-28T19:53:56,SPYV,35,0.03699976271713412,63.65,2026-08-28,0,63.63,-0.031,-0.44
2026-08-28T19:53:56,VYM,36,0.03690016761683035,164.96,2026-08-28,0,164.56,-0.242,-3.2
2026-08-28T19:53:56,SPHD,37,0.035163321180382345,52.99,2026-08-28,0,52.955,-0.066,-0.88
2026-08-28T19:53:56,EFA,38,0.03506725782413578,108.52,2026-08-28,0,108.23,-0.267,-3.19
2026-08-28T19:53:56,ACWI,39,0.03414123742945452,161.96,2026-08-28,0,161.82,-0.086,-0.98
2026-08-28T19:53:56,IEFA,40,0.03353803909962361,101.23,2026-08-28,0,100.955,-0.272,-3.3
2026-08-28T19:53:56,VEA,41,0.03250471921468878,73.645,2026-08-28,0,73.485,-0.217,-2.4
2026-08-28T19:53:56,MGK,42,0.031972474797362205,90.54,2026-08-28,0,90.63,0.099,1.08
2026-08-28T19:53:56,XRT,43,0.03169074472573641,87.13,2026-08-28,0,87.23,0.115,1.2
2026-08-28T19:53:56,VUG,44,0.03142528052822935,89.03,2026-08-28,0,89.045,0.017,0.17
2026-08-28T19:53:56,MDY,46,0.030817284411623902,699.18,2026-08-28,0,695.47,-0.531,-3.71
2026-08-28T19:53:56,EWU,47,0.02886708969447427,48.68,2026-08-28,0,48.58,-0.205,-1.9
2026-08-28T19:53:56,EWA,48,0.028505848871139605,30.27,2026-08-28,0,30.135,-0.446,-3.91
2026-08-28T19:53:56,VXUS,49,0.02831629794336754,88.19,2026-08-28,0,88.02,-0.193,-1.53
2026-08-28T19:53:56,QQQ,50,0.023950110649753498,719.76,2026-08-28,0,721.01,0.174,1.25
2026-08-28T19:53:56,PDBC,51,0.023222765044287996,18.39,2026-08-28,0,18.41,0.109,0.84
2026-08-28T19:53:56,DBA,53,0.018890886963471187,29.01,2026-08-28,0,29.03,0.069,0.48
2026-08-28T19:53:56,XME,54,0.01772025612971939,123.26,2026-08-28,0,121.23,-1.647,-10.15
2026-08-28T19:53:56,VWO,55,0.016994359972517303,61.2,2026-08-28,0,61.075,-0.204,-1.25
2026-08-28T19:53:56,INDA,56,0.01595015832645652,49.71,2026-08-28,0,49.66,-0.101,-0.55
2026-08-28T19:53:56,XHB,58,0.01306135422798893,104.93,2026-08-28,0,104.47,-0.438,-1.84
2026-08-28T19:53:56,FXI,62,0.008790824762382687,35.52,2026-08-28,0,35.49,-0.084,-0.27
2026-08-28T19:53:56,EEM,63,0.008422439407844262,67.71,2026-08-28,0,67.68,-0.044,-0.12
2026-08-28T19:53:56,IEMG,64,0.0082212324305313,82.57,2026-08-28,0,82.495,-0.091,-0.22
2026-08-28T19:53:56,IAU,65,0.00692824979011708,86.55,2026-08-28,0,85.84,-0.82,-1.42
2026-08-28T19:53:56,ROBO,67,0.0057651692448201786,82.07,2026-08-28,0,81.67,-0.487,-0.4
2026-08-28T19:53:56,BIL,68,4.5885692185665405e-05,91.66,2026-08-28,0,91.64,-0.022,-0.02
2026-08-28T19:53:56,KWEB,69,8.401129842683375e-06,26.39,2026-08-28,0,26.35,-0.152,-0.08
2026-08-28T20:59:46,XLV,,0.16456935123042515,166.58,2026-08-17,11,171.09,2.707,396.88
2026-08-28T20:59:46,XLF,,0.13305978898007043,57.99,2026-08-17,11,58.235,0.422,61.98
2026-08-28T20:59:46,XLE,,0.08798320797621129,62.2,2026-08-17,11,62.32,0.193,28.2
2026-08-28T20:59:46,XLB,,0.065,53.54,2026-08-24,4,53.03,-0.953,-25.5
2026-08-28T20:59:46,XLI,,0.049,180.25,2026-08-24,4,177.18,-1.703,-153.5
2026-08-28T20:59:46,XLK,,0.016,183.35,2026-08-24,4,187.5,2.263,207.5
2026-08-28T20:59:46,XLP,,0.014,85.99,2026-08-24,4,85.295,-0.808,-34.75
2026-08-28T20:59:46,XLRE,,0.012,45.08,2026-08-24,4,44.69,-0.865,-19.5
2026-08-28T20:59:46,XLY,,-0.01,118.02,2026-08-24,4,117.195,-0.699,-33.83
2026-08-28T20:59:46,XLC,,-0.035,111.4,2026-08-24,4,113.095,1.522,37.29
2026-08-28T20:59:46,ARKG,1,0.23798425438092585,49.21,2026-08-28,0,48.22,-2.012,-49.5
2026-08-28T20:59:46,HACK,2,0.16566525857852765,117.62,2026-08-28,0,116.38,-1.054,-27.28
2026-08-28T20:59:46,IBB,3,0.11640899578351749,213.095,2026-08-28,0,210.225,-1.347,-34.44
2026-08-28T20:59:46,XBI,4,0.10774436648814412,166.61,2026-08-28,0,164.07,-1.525,-38.1
2026-08-28T20:59:46,GDX,6,0.08176500923961094,104.26,2026-08-28,0,101.01,-3.117,-78.0
2026-08-28T20:59:46,GDXJ,7,0.07625372515564233,135.64,2026-08-28,0,131.26,-3.229,-78.84
2026-08-28T20:59:46,EWT,9,0.06614035373772609,109.55,2026-08-28,0,108.82,-0.666,-15.33
2026-08-28T20:59:46,VLUE,10,0.06556747786013561,201.47,2026-08-28,0,201.45,-0.01,-0.22
2026-08-28T20:59:46,XOP,11,0.06219745258698861,185.46,2026-08-28,0,185.4,-0.032,-0.72
2026-08-28T20:59:46,SCHD,13,0.058542196856718576,34.87,2026-08-28,0,34.845,-0.072,-1.25
2026-08-28T20:59:46,ARKF,14,0.0576807265194037,46.84,2026-08-28,0,46.69,-0.32,-7.05
2026-08-28T20:59:46,RSP,15,0.04957780590240035,221.8,2026-08-28,0,220.98,-0.37,-7.38
2026-08-28T20:59:46,VTV,16,0.04940402687811307,225.8,2026-08-28,0,225.36,-0.195,-3.96
2026-08-28T20:59:46,ITA,17,0.049251760572794234,235.24,2026-08-28,0,232.77,-1.05,-19.76
2026-08-28T20:59:46,KRE,19,0.04841808897930888,74.61,2026-08-28,0,74.28,-0.442,-8.91
2026-08-28T20:59:46,SIZE,20,0.0473804956399857,185.05,2026-08-28,0,184.365,-0.37,-6.85
2026-08-28T20:59:46,ARKK,21,0.047043512746566485,86.71,2026-08-28,0,85.6,-1.28,-24.42
2026-08-28T20:59:46,EWC,22,0.045773088843763965,62.4,2026-08-28,0,61.735,-1.066,-19.95
2026-08-28T20:59:46,IJR,23,0.04521703300967572,147.09,2026-08-28,0,146.025,-0.724,-12.78
2026-08-28T20:59:46,VO,24,0.04441814456743387,83.15,2026-08-28,0,82.705,-0.535,-9.79
2026-08-28T20:59:46,DIA,25,0.04401475515057496,536.54,2026-08-28,0,536.1,-0.082,-1.32
2026-08-28T20:59:46,QUAL,26,0.04343594447604282,224.66,2026-08-28,0,224.57,-0.04,-0.63
2026-08-28T20:59:46,USMV,27,0.0424863574493084,101.99,2026-08-28,0,102.005,0.015,0.24
2026-08-28T20:59:46,IWM,28,0.03960654865068447,299.7,2026-08-28,0,297.22,-0.827,-12.4
2026-08-28T20:59:46,DVY,29,0.03906684064983379,164.5,2026-08-28,0,163.91,-0.359,-5.31
2026-08-28T20:59:46,VB,30,0.03895906923860304,304.77,2026-08-28,0,301.7,-1.007,-15.35
2026-08-28T20:59:46,SPYG,31,0.03887371673733231,121.87,2026-08-28,0,122.11,0.197,2.88
2026-08-28T20:59:46,VTI,32,0.038818801797149805,380.93,2026-08-28,0,380.995,0.017,0.26
2026-08-28T20:59:46,EWJ,33,0.03825383946613048,96.63,2026-08-28,0,96.17,-0.476,-6.9
2026-08-28T20:59:46,SPY,34,0.03809525345182396,771.76,2026-08-28,0,772.8,0.135,1.04
2026-08-28T20:59:46,EWG,35,0.03726387527335828,44.8,2026-08-28,0,44.7,-0.223,-3.1
2026-08-28T20:59:46,SPYV,36,0.03699976271713412,63.65,2026-08-28,0,63.67,0.031,0.42
2026-08-28T20:59:46,VYM,37,0.03690016761683035,164.96,2026-08-28,0,164.35,-0.37,-4.88
2026-08-28T20:59:46,SPHD,38,0.035163321180382345,52.99,2026-08-28,0,52.885,-0.198,-2.52
2026-08-28T20:59:46,EFA,39,0.03506725782413578,108.52,2026-08-28,0,108.03,-0.452,-5.39
2026-08-28T20:59:46,VEA,40,0.03250471921468878,73.645,2026-08-28,0,73.295,-0.475,-5.6
2026-08-28T20:59:46,MGK,41,0.031972474797362205,90.54,2026-08-28,0,90.795,0.282,3.31
2026-08-28T20:59:46,XRT,42,0.03169074472573641,87.13,2026-08-28,0,87.3,0.195,2.21
2026-08-28T20:59:46,VUG,43,0.03142528052822935,89.03,2026-08-28,0,89.155,0.14,1.5
2026-08-28T20:59:46,MDY,45,0.030817284411623902,699.18,2026-08-28,0,692.45,-0.963,-6.73
2026-08-28T20:59:46,EWU,46,0.02886708969447427,48.68,2026-08-28,0,48.6,-0.164,-1.6
2026-08-28T20:59:46,EWA,47,0.028505848871139605,30.27,2026-08-28,0,30.025,-0.809,-7.6
2026-08-28T20:59:46,VXUS,48,0.02831629794336754,88.19,2026-08-28,0,87.76,-0.488,-4.3
2026-08-28T20:59:46,QQQ,49,0.02397165442444016,720.14,2026-08-28,0,720.22,0.011,0.08
2026-08-28T20:59:46,PDBC,50,0.023222765044287996,18.39,2026-08-28,0,18.44,0.272,2.25
2026-08-28T20:59:46,DBA,52,0.018890886963471187,29.01,2026-08-28,0,29.15,0.483,3.64
2026-08-28T20:59:46,VWO,53,0.016994359972517303,61.2,2026-08-28,0,60.885,-0.515,-3.47
2026-08-28T20:59:46,INDA,54,0.01595015832645652,49.71,2026-08-28,0,49.55,-0.322,-2.08
2026-08-28T20:59:46,IYR,56,0.014094472369612365,104.37,2026-08-28,0,103.85,-0.498,-2.6
2026-08-28T20:59:46,XHB,57,0.01306135422798893,104.93,2026-08-28,0,103.96,-0.924,-4.85
2026-08-28T20:59:46,MTUM,59,0.011573864612471674,303.41,2026-08-28,0,300.76,-0.873,-2.65
2026-08-28T20:59:46,FXI,62,0.008790824762382687,35.52,2026-08-28,0,35.5,-0.056,-0.2
2026-08-28T20:59:46,EEM,63,0.008422439407844262,67.71,2026-08-28,0,67.37,-0.502,-1.7
2026-08-28T20:59:46,IEMG,64,0.0082212324305313,82.57,2026-08-28,0,82.155,-0.503,-1.24
2026-08-28T20:59:46,IAU,65,0.00692824979011708,86.55,2026-08-28,0,85.27,-1.479,-3.84
2026-08-28T20:59:46,ROBO,68,0.0057651692448201786,82.07,2026-08-28,0,81.12,-1.158,-0.95
2026-08-28T20:59:46,BIL,69,4.5885692185665405e-05,91.66,2026-08-28,0,91.64,-0.022,-0.02
2026-08-28T20:59:46,KWEB,70,8.401129842683375e-06,26.39,2026-08-28,0,26.36,-0.114,-0.06
2026-08-28T22:05:37,XLV,,0.16456935123042515,166.58,2026-08-17,11,170.805,2.536,371.8
2026-08-28T22:05:37,XLF,,0.13305978898007043,57.99,2026-08-17,11,58.155,0.285,41.74
2026-08-28T22:05:37,XLE,,0.08798320797621129,62.2,2026-08-17,11,62.54,0.547,79.9
2026-08-28T22:05:37,XLB,,0.065,53.54,2026-08-24,4,53.02,-0.971,-26.0
2026-08-28T22:05:37,XLI,,0.049,180.25,2026-08-24,4,177.04,-1.781,-160.5
2026-08-28T22:05:37,XLK,,0.016,183.35,2026-08-24,4,186.42,1.674,153.5
2026-08-28T22:05:37,XLP,,0.014,85.99,2026-08-24,4,85.275,-0.831,-35.75
2026-08-28T22:05:37,XLRE,,0.012,45.08,2026-08-24,4,44.56,-1.154,-26.0
2026-08-28T22:05:37,XLY,,-0.01,118.02,2026-08-24,4,116.885,-0.962,-46.53
2026-08-28T22:05:37,XLC,,-0.035,111.4,2026-08-24,4,112.685,1.154,28.27
2026-08-28T22:05:37,ARKG,1,0.23798425438092585,49.21,2026-08-28,0,47.96,-2.54,-62.5
2026-08-28T22:05:37,HACK,2,0.16566525857852765,117.62,2026-08-28,0,115.71,-1.624,-40.11
2026-08-28T22:05:37,IBB,3,0.11640899578351749,213.095,2026-08-28,0,209.3,-1.781,-41.74
2026-08-28T22:05:37,XBI,4,0.10774436648814412,166.61,2026-08-28,0,162.96,-2.191,-51.1
2026-08-28T22:05:37,GDX,6,0.08176500923961094,104.26,2026-08-28,0,99.325,-4.733,-108.57
2026-08-28T22:05:37,GDXJ,7,0.07625372515564233,135.64,2026-08-28,0,128.295,-5.415,-124.86
2026-08-28T22:05:37,EWT,9,0.06614035373772609,109.55,2026-08-28,0,108.21,-1.223,-26.8
2026-08-28T22:05:37,VLUE,10,0.06556747786013561,201.47,2026-08-28,0,200.68,-0.392,-8.69
2026-08-28T22:05:37,XOP,11,0.06219745258698861,185.46,2026-08-28,0,185.54,0.043,0.88
2026-08-28T22:05:37,JETS,12,0.061082703993277754,29.56,2026-08-28,0,29.27,-0.981,-14.5
2026-08-28T22:05:37,SCHD,14,0.058542196856718576,34.87,2026-08-28,0,34.815,-0.158,-2.75
2026-08-28T22:05:37,ARKF,15,0.0576807265194037,46.84,2026-08-28,0,46.285,-1.185,-24.42
2026-08-28T22:05:37,RSP,16,0.04957780590240035,221.8,2026-08-28,0,220.65,-0.518,-10.35
2026-08-28T22:05:37,VTV,17,0.04940402687811307,225.8,2026-08-28,0,225.08,-0.319,-5.76
2026-08-28T22:05:37,ITA,18,0.049251760572794234,235.24,2026-08-28,0,232.585,-1.129,-21.24
2026-08-28T22:05:37,KRE,20,0.04841808897930888,74.61,2026-08-28,0,74.29,-0.429,-8.0
2026-08-28T22:05:37,SIZE,21,0.0473804956399857,185.05,2026-08-28,0,184.0,-0.567,-10.5
2026-08-28T22:05:37,ARKK,22,0.047043512746566485,86.71,2026-08-28,0,84.77,-2.237,-40.74
2026-08-28T22:05:37,EWC,23,0.045773088843763965,62.4,2026-08-28,0,61.615,-1.258,-21.98
2026-08-28T22:05:37,IJR,24,0.04521703300967572,147.09,2026-08-28,0,145.855,-0.84,-14.82
2026-08-28T22:05:37,VO,25,0.04441814456743387,83.15,2026-08-28,0,82.545,-0.728,-12.1
2026-08-28T22:05:37,DIA,26,0.04401475515057496,536.54,2026-08-28,0,535.38,-0.216,-3.48
2026-08-28T22:05:37,QUAL,27,0.04343594447604282,224.66,2026-08-28,0,223.955,-0.314,-4.93
2026-08-28T22:05:37,USMV,28,0.0424863574493084,101.99,2026-08-28,0,101.765,-0.221,-3.6
2026-08-28T22:05:37,IWM,29,0.03960654865068447,299.7,2026-08-28,0,296.61,-1.031,-15.45
2026-08-28T22:05:37,DVY,30,0.03906684064983379,164.5,2026-08-28,0,163.72,-0.474,-7.02
2026-08-28T22:05:37,VB,31,0.03895906923860304,304.77,2026-08-28,0,301.23,-1.162,-17.7
2026-08-28T22:05:37,SPYG,32,0.03887371673733231,121.87,2026-08-28,0,121.54,-0.271,-3.96
2026-08-28T22:05:37,VTI,33,0.038818801797149805,380.93,2026-08-28,0,379.79,-0.299,-3.42
2026-08-28T22:05:37,EWJ,34,0.03825383946613048,96.63,2026-08-28,0,95.74,-0.921,-12.46
2026-08-28T22:05:37,SPY,35,0.03809525345182396,771.76,2026-08-28,0,770.24,-0.197,-1.52
2026-08-28T22:05:37,EWG,36,0.03726387527335828,44.8,2026-08-28,0,44.61,-0.424,-5.7
2026-08-28T22:05:37,SPYV,37,0.03699976271713412,63.65,2026-08-28,0,63.55,-0.157,-2.0
2026-08-28T22:05:37,VYM,38,0.03690016761683035,164.96,2026-08-28,0,164.05,-0.552,-6.37
2026-08-28T22:05:37,SPHD,39,0.035163321180382345,52.99,2026-08-28,0,52.805,-0.349,-4.26
2026-08-28T22:05:37,EFA,40,0.03506725782413578,108.52,2026-08-28,0,107.74,-0.719,-8.58
2026-08-28T22:05:37,ACWI,41,0.03414123742945452,161.96,2026-08-28,0,161.28,-0.42,-4.76
2026-08-28T22:05:37,IEFA,42,0.03353803909962361,101.23,2026-08-28,0,100.505,-0.716,-7.98
2026-08-28T22:05:37,VEA,43,0.03250471921468878,73.645,2026-08-28,0,73.075,-0.774,-8.55
2026-08-28T22:05:37,MGK,44,0.031972474797362205,90.54,2026-08-28,0,90.405,-0.149,-1.62
2026-08-28T22:05:37,XRT,45,0.03169074472573641,87.13,2026-08-28,0,87.24,0.126,1.32
2026-08-28T22:05:37,VUG,46,0.03142528052822935,89.03,2026-08-28,0,88.825,-0.23,-2.25
2026-08-28T22:05:37,MDY,48,0.030817284411623902,699.18,2026-08-28,0,692.07,-1.017,-7.11
2026-08-28T22:05:37,EWU,49,0.02886708969447427,48.68,2026-08-28,0,48.5,-0.37,-3.42
2026-08-28T22:05:37,EWA,50,0.028505848871139605,30.27,2026-08-28,0,29.965,-1.008,-8.84
2026-08-28T22:05:37,VXUS,51,0.02831629794336754,88.19,2026-08-28,0,87.55,-0.726,-5.76
2026-08-28T22:05:37,QQQ,52,0.02397165442444016,720.14,2026-08-28,0,717.45,-0.374,-2.69
2026-08-28T22:05:37,PDBC,53,0.023222765044287996,18.39,2026-08-28,0,18.42,0.163,1.29
2026-08-28T22:05:37,DBA,55,0.018890886963471187,29.01,2026-08-28,0,29.14,0.448,3.25
2026-08-28T22:05:37,XME,56,0.01772025612971939,123.26,2026-08-28,0,119.26,-3.245,-20.0
2026-08-28T22:05:37,VWO,57,0.016994359972517303,61.2,2026-08-28,0,60.765,-0.711,-4.35
2026-08-28T22:05:37,INDA,58,0.01595015832645652,49.71,2026-08-28,0,49.51,-0.402,-2.4
2026-08-28T22:05:37,IYR,60,0.014094472369612365,104.37,2026-08-28,0,103.61,-0.728,-3.8
2026-08-28T22:05:37,XHB,61,0.01306135422798893,104.93,2026-08-28,0,104.08,-0.81,-4.25
2026-08-28T22:05:37,VNQ,62,0.012787628904225246,98.1,2026-08-28,0,97.47,-0.642,-3.15
2026-08-28T22:05:37,MTUM,64,0.011573864612471674,303.41,2026-08-28,0,300.19,-1.061,-3.22
2026-08-28T22:05:37,FXI,67,0.008790824762382687,35.52,2026-08-28,0,35.43,-0.253,-0.81
2026-08-28T22:05:37,EEM,68,0.008422439407844262,67.71,2026-08-28,0,67.21,-0.738,-2.0
2026-08-28T22:05:37,IEMG,69,0.0082212324305313,82.57,2026-08-28,0,81.955,-0.745,-1.84
2026-08-28T22:05:37,IAU,70,0.00692824979011708,86.55,2026-08-28,0,84.29,-2.611,-4.52
2026-08-28T22:05:37,ROBO,73,0.0057651692448201786,82.07,2026-08-28,0,80.78,-1.572,-1.29
2026-08-28T22:05:37,BIL,74,4.5885692185665405e-05,91.66,2026-08-28,0,91.66,0.0,0.0
2026-08-28T22:05:37,KWEB,75,8.401129842683375e-06,26.39,2026-08-28,0,26.29,-0.379,-0.2
2026-08-28T22:53:12,XLV,,0.16456935123042515,166.58,2026-08-17,11,170.765,2.512,368.28
2026-08-28T22:53:12,XLF,,0.13305978898007043,57.99,2026-08-17,11,58.105,0.198,29.09
2026-08-28T22:53:12,XLE,,0.08798320797621129,62.2,2026-08-17,11,62.47,0.434,63.45
2026-08-28T22:53:12,XLB,,0.065,53.54,2026-08-24,4,53.04,-0.934,-25.0
2026-08-28T22:53:12,XLI,,0.049,180.25,2026-08-24,4,176.98,-1.814,-163.5
2026-08-28T22:53:12,XLK,,0.016,183.35,2026-08-24,4,186.11,1.505,138.0
2026-08-28T22:53:12,XLP,,0.014,85.99,2026-08-24,4,85.395,-0.692,-29.75
2026-08-28T22:53:12,XLRE,,0.012,45.08,2026-08-24,4,44.48,-1.331,-30.0
2026-08-28T22:53:12,XLY,,-0.01,118.02,2026-08-24,4,116.685,-1.131,-54.73
2026-08-28T22:53:12,XLC,,-0.035,111.4,2026-08-24,4,112.695,1.162,28.49
2026-08-28T22:53:12,XBI,1,0.10774436648814412,166.61,2026-08-28,0,163.26,-2.011,-167.5
2026-08-28T22:53:12,GDX,3,0.08176500923961094,104.26,2026-08-28,0,99.485,-4.58,-238.75
2026-08-28T22:53:12,RSP,6,0.04957780590240035,221.8,2026-08-28,0,220.5,-0.586,-45.5
2026-08-28T22:53:12,DIA,8,0.04401475515057496,536.54,2026-08-28,0,534.92,-0.302,-19.44
2026-08-28T22:53:12,IWM,9,0.03960654865068447,299.7,2026-08-28,0,296.42,-1.094,-62.32
2026-08-28T22:53:12,VTI,10,0.038818801797149805,380.93,2026-08-28,0,379.35,-0.415,-20.54
2026-08-28T22:53:12,SPY,11,0.03809525345182396,771.76,2026-08-28,0,769.26,-0.324,-12.5
2026-08-28T22:53:12,QQQ,12,0.02397165442444016,720.14,2026-08-28,0,716.35,-0.526,-15.16
2026-08-28T22:53:12,SMH,13,0.012320492329381594,568.48,2026-08-28,0,554.8,-2.406,-68.4
2026-08-28T22:53:12,EEM,14,0.008422439407844262,67.71,2026-08-28,0,67.13,-0.857,-17.98
2026-08-28T22:55:54,XLV,,0.16456935123042515,166.58,2026-08-17,11,170.815,2.542,372.68
2026-08-28T22:55:54,XLF,,0.13305978898007043,57.99,2026-08-17,11,58.075,0.147,21.51
2026-08-28T22:55:54,XLE,,0.08798320797621129,62.2,2026-08-17,11,62.48,0.45,65.8
2026-08-28T22:55:54,XLB,,0.065,53.54,2026-08-24,4,53.01,-0.99,-26.5
2026-08-28T22:55:54,XLI,,0.049,180.25,2026-08-24,4,176.83,-1.897,-171.0
2026-08-28T22:55:54,XLK,,0.016,183.35,2026-08-24,4,185.94,1.413,129.5
2026-08-28T22:55:54,XLP,,0.014,85.99,2026-08-24,4,85.415,-0.669,-28.75
2026-08-28T22:55:54,XLRE,,0.012,45.08,2026-08-24,4,44.47,-1.353,-30.5
2026-08-28T22:55:54,XLY,,-0.01,118.02,2026-08-24,4,116.655,-1.157,-55.96
2026-08-28T22:55:54,XLC,,-0.035,111.4,2026-08-24,4,112.665,1.136,27.83
2026-08-28T22:55:54,ARKG,1,0.23798425438092585,49.21,2026-08-28,0,47.8,-2.865,-70.5
2026-08-28T22:55:54,HACK,2,0.16566525857852765,117.62,2026-08-28,0,115.59,-1.726,-46.69
2026-08-28T22:55:54,IBB,3,0.11640899578351749,213.095,2026-08-28,0,209.36,-1.753,-44.82
2026-08-28T22:55:54,XBI,4,0.10774436648814412,166.61,2026-08-28,0,163.1,-2.107,-52.65
2026-08-28T22:55:54,GDX,6,0.08176500923961094,104.26,2026-08-28,0,99.095,-4.954,-123.96
2026-08-28T22:55:54,GDXJ,7,0.07625372515564233,135.64,2026-08-28,0,128.1,-5.559,-135.72
2026-08-28T22:55:54,EWT,9,0.06614035373772609,109.55,2026-08-28,0,107.85,-1.552,-37.4
2026-08-28T22:55:54,VLUE,10,0.06556747786013561,201.47,2026-08-28,0,200.55,-0.457,-10.12
2026-08-28T22:55:54,XOP,11,0.06219745258698861,185.46,2026-08-28,0,185.58,0.065,1.44
2026-08-28T22:55:54,JETS,12,0.061082703993277754,29.56,2026-08-28,0,29.22,-1.15,-17.0
2026-08-28T22:55:54,SCHD,14,0.058542196856718576,34.87,2026-08-28,0,34.815,-0.158,-2.75
2026-08-28T22:55:54,ARKF,15,0.0576807265194037,46.84,2026-08-28,0,46.155,-1.462,-31.51
2026-08-28T22:55:54,RSP,16,0.04957780590240035,221.8,2026-08-28,0,220.41,-0.627,-12.51
2026-08-28T22:55:54,VTV,17,0.04940402687811307,225.8,2026-08-28,0,224.85,-0.421,-8.55
2026-08-28T22:55:54,KRE,19,0.04841808897930888,74.61,2026-08-28,0,74.28,-0.442,-8.91
2026-08-28T22:55:54,SIZE,20,0.0473804956399857,185.05,2026-08-28,0,183.81,-0.67,-12.4
2026-08-28T22:55:54,ARKK,21,0.047043512746566485,86.71,2026-08-28,0,84.48,-2.572,-49.06
2026-08-28T22:55:54,EWC,22,0.045773088843763965,62.4,2026-08-28,0,61.585,-1.306,-24.45
2026-08-28T22:55:54,IJR,23,0.04521703300967572,147.09,2026-08-28,0,145.665,-0.969,-17.1
2026-08-28T22:55:54,VO,24,0.04441814456743387,83.15,2026-08-28,0,82.415,-0.884,-16.17
2026-08-28T22:55:54,DIA,25,0.04401475515057496,536.54,2026-08-28,0,534.72,-0.339,-5.46
2026-08-28T22:55:54,QUAL,26,0.04343594447604282,224.66,2026-08-28,0,223.48,-0.525,-8.26
2026-08-28T22:55:54,USMV,27,0.0424863574493084,101.99,2026-08-28,0,101.705,-0.279,-4.56
2026-08-28T22:55:54,IWM,28,0.03960654865068447,299.7,2026-08-28,0,296.15,-1.185,-17.75
2026-08-28T22:55:54,DVY,29,0.03906684064983379,164.5,2026-08-28,0,163.44,-0.644,-10.6
2026-08-28T22:55:54,VB,30,0.03895906923860304,304.77,2026-08-28,0,300.87,-1.28,-19.5
2026-08-28T22:55:54,SPYG,31,0.03887371673733231,121.87,2026-08-28,0,121.31,-0.46,-6.72
2026-08-28T22:55:54,VTI,32,0.038818801797149805,380.93,2026-08-28,0,379.17,-0.462,-7.04
2026-08-28T22:55:54,EWJ,33,0.03825383946613048,96.63,2026-08-28,0,95.66,-1.004,-14.55
2026-08-28T22:55:54,SPY,34,0.03809525345182396,771.76,2026-08-28,0,768.96,-0.363,-2.8
2026-08-28T22:55:54,EWG,35,0.03726387527335828,44.8,2026-08-28,0,44.55,-0.558,-7.75
2026-08-28T22:55:54,SPYV,36,0.03699976271713412,63.65,2026-08-28,0,63.45,-0.314,-4.2
2026-08-28T22:55:54,VYM,37,0.03690016761683035,164.96,2026-08-28,0,163.905,-0.64,-8.44
2026-08-28T22:55:54,SPHD,38,0.035163321180382345,52.99,2026-08-28,0,52.735,-0.481,-6.12
2026-08-28T22:55:54,EFA,39,0.03506725782413578,108.52,2026-08-28,0,107.61,-0.839,-10.01
2026-08-28T22:55:54,ACWI,40,0.03414123742945452,161.96,2026-08-28,0,161.02,-0.58,-6.58
2026-08-28T22:55:54,IEFA,41,0.03353803909962361,101.23,2026-08-28,0,100.375,-0.845,-9.41
2026-08-28T22:55:54,MGK,42,0.031972474797362205,90.54,2026-08-28,0,90.175,-0.403,-4.38
2026-08-28T22:55:54,VUG,43,0.03142528052822935,89.03,2026-08-28,0,88.575,-0.511,-5.46
2026-08-28T22:55:54,MDY,45,0.030817284411623902,699.18,2026-08-28,0,690.86,-1.19,-8.32
2026-08-28T22:55:54,EWU,46,0.02886708969447427,48.68,2026-08-28,0,48.44,-0.493,-4.8
2026-08-28T22:55:54,EWA,47,0.028505848871139605,30.27,2026-08-28,0,29.925,-1.14,-10.69
2026-08-28T22:55:54,QQQ,48,0.02397165442444016,720.14,2026-08-28,0,716.01,-0.573,-4.13
2026-08-28T22:55:54,PDBC,49,0.023222765044287996,18.39,2026-08-28,0,18.39,0.0,0.0
2026-08-28T22:55:54,DBA,51,0.018890886963471187,29.01,2026-08-28,0,29.15,0.483,3.78
2026-08-28T22:55:54,XME,52,0.01772025612971939,123.26,2026-08-28,0,118.87,-3.562,-26.34
2026-08-28T22:55:54,INDA,53,0.01595015832645652,49.71,2026-08-28,0,49.52,-0.382,-2.66
2026-08-28T22:55:54,IYR,55,0.014094472369612365,104.37,2026-08-28,0,103.46,-0.872,-5.46
2026-08-28T22:55:54,XHB,56,0.01306135422798893,104.93,2026-08-28,0,103.91,-0.972,-5.1
2026-08-28T22:55:54,VNQ,57,0.012787628904225246,98.1,2026-08-28,0,97.32,-0.795,-3.9
2026-08-28T22:55:54,MTUM,59,0.011573864612471674,303.41,2026-08-28,0,299.58,-1.262,-3.83
2026-08-28T22:55:54,FXI,62,0.008790824762382687,35.52,2026-08-28,0,35.43,-0.253,-0.81
2026-08-28T22:55:54,EEM,63,0.008422439407844262,67.71,2026-08-28,0,67.08,-0.93,-2.52
2026-08-28T22:55:54,IEMG,64,0.0082212324305313,82.57,2026-08-28,0,81.785,-0.951,-2.35
2026-08-28T22:55:54,IAU,65,0.00692824979011708,86.55,2026-08-28,0,83.85,-3.12,-5.4
2026-08-28T22:55:54,ROBO,67,0.0057651692448201786,82.07,2026-08-28,0,80.57,-1.828,-1.5
2026-08-28T22:55:54,BIL,68,4.5885692185665405e-05,91.66,2026-08-28,0,91.66,0.0,0.0
2026-08-28T22:55:54,KWEB,69,8.401129842683375e-06,26.39,2026-08-28,0,26.28,-0.417,-0.22
2026-08-28T23:11:03,XLV,,0.16456935123042515,166.58,2026-08-17,11,170.655,2.446,358.6
2026-08-28T23:11:03,XLF,,0.13305978898007043,57.99,2026-08-17,11,58.055,0.112,16.44
2026-08-28T23:11:03,XLE,,0.08798320797621129,62.2,2026-08-17,11,62.45,0.402,58.75
2026-08-28T23:11:03,XLB,,0.065,53.54,2026-08-24,4,53.02,-0.971,-26.0
2026-08-28T23:11:03,XLI,,0.049,180.25,2026-08-24,4,176.9,-1.859,-167.5
2026-08-28T23:11:03,XLK,,0.016,183.35,2026-08-24,4,186.18,1.543,141.5
2026-08-28T23:11:03,XLP,,0.014,85.99,2026-08-24,4,85.375,-0.715,-30.75
2026-08-28T23:11:03,XLRE,,0.012,45.08,2026-08-24,4,44.49,-1.309,-29.5
2026-08-28T23:11:03,XLY,,-0.01,118.02,2026-08-24,4,116.735,-1.089,-52.68
2026-08-28T23:11:03,XLC,,-0.035,111.4,2026-08-24,4,112.625,1.1,26.95
2026-08-28T23:11:03,GDX,1,0.08176500923961094,104.26,2026-08-28,0,99.145,-4.906,-255.75
2026-08-28T23:11:03,RSP,4,0.04957780590240035,221.8,2026-08-28,0,220.47,-0.6,-61.18
2026-08-28T23:11:03,DIA,6,0.04401475515057496,536.54,2026-08-28,0,534.76,-0.332,-26.7
2026-08-28T23:11:03,IWM,7,0.03960654865068447,299.7,2026-08-28,0,296.18,-1.175,-84.48
2026-08-28T23:11:03,VTI,8,0.038818801797149805,380.93,2026-08-28,0,379.295,-0.429,-27.79
2026-08-28T23:11:03,SPY,9,0.03809525345182396,771.76,2026-08-28,0,769.15,-0.338,-18.27
2026-08-28T23:11:03,QQQ,10,0.02397165442444016,720.14,2026-08-28,0,716.55,-0.499,-21.54
2026-08-28T23:11:03,SMH,11,0.012320492329381594,568.48,2026-08-28,0,555.34,-2.311,-78.84
2026-08-28T23:11:03,EEM,12,0.008422439407844262,67.71,2026-08-28,0,67.13,-0.857,-23.78
2026-08-28T23:11:03,SOXX,13,0.006786825464620838,521.37,2026-08-28,0,510.25,-2.133,-33.36
