RSI_ENTRY,DIP_PCT,VOL_MULT,STOP_PCT,MAX_POSITIONS,SLEEVE_DD_CAP,sharpe,win_rate,max_dd,cagr,n_trades,passed
28,0.04,1.5,0.04,2,0.1,0.645,0.6,0.103,0.043,15,0
28,0.04,1.5,0.04,2,0.15,0.241,0.529,0.156,0.015,17,0
28,0.04,1.5,0.04,2,0.2,-0.212,0.45,0.223,-0.021,20,0
28,0.04,1.5,0.04,3,0.1,0.332,0.542,0.132,0.02,24,0
28,0.04,1.5,0.04,3,0.15,1.067,0.625,0.154,0.092,48,1
28,0.04,1.5,0.04,3,0.2,1.067,0.625,0.154,0.092,48,1
28,0.04,1.5,0.05,2,0.1,0.535,0.6,0.115,0.035,15,0
28,0.04,1.5,0.05,2,0.15,1.138,0.667,0.141,0.127,33,1
28,0.04,1.5,0.05,2,0.2,1.138,0.667,0.141,0.127,33,1
28,0.04,1.5,0.05,3,0.1,1.34,0.682,0.119,0.116,44,1
28,0.04,1.5,0.05,3,0.15,1.34,0.682,0.119,0.116,44,1
28,0.04,1.5,0.05,3,0.2,1.34,0.682,0.119,0.116,44,1
28,0.04,1.5,0.06,2,0.1,0.571,0.6,0.115,0.038,15,0
28,0.04,1.5,0.06,2,0.15,1.179,0.676,0.141,0.133,34,1
28,0.04,1.5,0.06,2,0.2,1.179,0.676,0.141,0.133,34,1
28,0.04,1.5,0.06,3,0.1,1.331,0.682,0.119,0.116,44,1
28,0.04,1.5,0.06,3,0.15,1.331,0.682,0.119,0.116,44,1
28,0.04,1.5,0.06,3,0.2,1.331,0.682,0.119,0.116,44,1
28,0.04,1.8,0.04,2,0.1,1.032,0.593,0.135,0.089,27,1
28,0.04,1.8,0.04,2,0.15,1.032,0.593,0.135,0.089,27,1
28,0.04,1.8,0.04,2,0.2,1.032,0.593,0.135,0.089,27,1
28,0.04,1.8,0.04,3,0.1,-0.029,0.421,0.101,-0.003,19,0
28,0.04,1.8,0.04,3,0.15,0.764,0.562,0.125,0.052,32,0
28,0.04,1.8,0.04,3,0.2,0.764,0.562,0.125,0.052,32,0
28,0.04,1.8,0.05,2,0.1,1.139,0.64,0.11,0.099,25,1
28,0.04,1.8,0.05,2,0.15,1.139,0.64,0.11,0.099,25,1
28,0.04,1.8,0.05,2,0.2,1.139,0.64,0.11,0.099,25,1
28,0.04,1.8,0.05,3,0.1,0.85,0.6,0.108,0.058,30,1
28,0.04,1.8,0.05,3,0.15,0.798,0.581,0.114,0.057,31,0
28,0.04,1.8,0.05,3,0.2,0.798,0.581,0.114,0.057,31,0
28,0.04,1.8,0.06,2,0.1,1.11,0.625,0.11,0.096,24,1
28,0.04,1.8,0.06,2,0.15,1.11,0.625,0.11,0.096,24,1
28,0.04,1.8,0.06,2,0.2,1.11,0.625,0.11,0.096,24,1
28,0.04,1.8,0.06,3,0.1,0.985,0.6,0.108,0.069,30,1
28,0.04,1.8,0.06,3,0.15,0.88,0.567,0.114,0.063,30,1
28,0.04,1.8,0.06,3,0.2,0.88,0.567,0.114,0.063,30,1
28,0.04,2.0,0.04,2,0.1,-0.338,0.3,0.11,-0.019,10,0
28,0.04,2.0,0.04,2,0.15,0.069,0.429,0.11,0.002,14,0
28,0.04,2.0,0.04,2,0.2,0.069,0.429,0.11,0.002,14,0
28,0.04,2.0,0.04,3,0.1,-0.297,0.308,0.108,-0.015,13,0
28,0.04,2.0,0.04,3,0.15,0.007,0.412,0.109,-0.001,17,0
28,0.04,2.0,0.04,3,0.2,0.007,0.412,0.109,-0.001,17,0
28,0.04,2.0,0.05,2,0.1,0.427,0.5,0.11,0.026,14,0
28,0.04,2.0,0.05,2,0.15,0.427,0.5,0.11,0.026,14,0
28,0.04,2.0,0.05,2,0.2,0.427,0.5,0.11,0.026,14,0
28,0.04,2.0,0.05,3,0.1,0.296,0.471,0.108,0.015,17,0
28,0.04,2.0,0.05,3,0.15,0.296,0.471,0.108,0.015,17,0
28,0.04,2.0,0.05,3,0.2,0.296,0.471,0.108,0.015,17,0
28,0.04,2.0,0.06,2,0.1,0.457,0.462,0.11,0.028,13,0
28,0.04,2.0,0.06,2,0.15,0.457,0.462,0.11,0.028,13,0
28,0.04,2.0,0.06,2,0.2,0.457,0.462,0.11,0.028,13,0
28,0.04,2.0,0.06,3,0.1,0.431,0.471,0.108,0.022,17,0
28,0.04,2.0,0.06,3,0.15,0.431,0.471,0.108,0.022,17,0
28,0.04,2.0,0.06,3,0.2,0.431,0.471,0.108,0.022,17,0
28,0.05,1.5,0.04,2,0.1,0.661,0.571,0.103,0.045,14,0
28,0.05,1.5,0.04,2,0.15,0.264,0.5,0.156,0.017,16,0
28,0.05,1.5,0.04,2,0.2,-0.183,0.421,0.223,-0.019,19,0
28,0.05,1.5,0.04,3,0.1,-0.269,0.368,0.133,-0.022,19,0
28,0.05,1.5,0.04,3,0.15,0.606,0.55,0.154,0.051,40,0
28,0.05,1.5,0.04,3,0.2,0.606,0.55,0.154,0.051,40,0
28,0.05,1.5,0.05,2,0.1,0.535,0.571,0.115,0.036,14,0
28,0.05,1.5,0.05,2,0.15,1.261,0.667,0.141,0.141,30,1
28,0.05,1.5,0.05,2,0.2,1.261,0.667,0.141,0.141,30,1
28,0.05,1.5,0.05,3,0.1,1.191,0.658,0.119,0.111,38,1
28,0.05,1.5,0.05,3,0.15,1.191,0.658,0.119,0.111,38,1
28,0.05,1.5,0.05,3,0.2,1.191,0.658,0.119,0.111,38,1
28,0.05,1.5,0.06,2,0.1,0.473,0.538,0.115,0.031,13,0
28,0.05,1.5,0.06,2,0.15,1.194,0.655,0.141,0.131,29,1
28,0.05,1.5,0.06,2,0.2,1.194,0.655,0.141,0.131,29,1
28,0.05,1.5,0.06,3,0.1,1.179,0.658,0.119,0.111,38,1
28,0.05,1.5,0.06,3,0.15,1.179,0.658,0.119,0.111,38,1
28,0.05,1.5,0.06,3,0.2,1.179,0.658,0.119,0.111,38,1
28,0.05,1.8,0.04,2,0.1,0.92,0.591,0.13,0.075,22,1
28,0.05,1.8,0.04,2,0.15,0.92,0.591,0.13,0.075,22,1
28,0.05,1.8,0.04,2,0.2,0.92,0.591,0.13,0.075,22,1
28,0.05,1.8,0.04,3,0.1,0.69,0.56,0.116,0.042,25,0
28,0.05,1.8,0.04,3,0.15,0.69,0.56,0.116,0.042,25,0
28,0.05,1.8,0.04,3,0.2,0.69,0.56,0.116,0.042,25,0
28,0.05,1.8,0.05,2,0.1,1.073,0.65,0.105,0.09,20,1
28,0.05,1.8,0.05,2,0.15,1.073,0.65,0.105,0.09,20,1
28,0.05,1.8,0.05,2,0.2,1.073,0.65,0.105,0.09,20,1
28,0.05,1.8,0.05,3,0.1,0.727,0.583,0.105,0.047,24,0
28,0.05,1.8,0.05,3,0.15,0.727,0.583,0.105,0.047,24,0
28,0.05,1.8,0.05,3,0.2,0.727,0.583,0.105,0.047,24,0
28,0.05,1.8,0.06,2,0.1,1.155,0.65,0.105,0.097,20,1
28,0.05,1.8,0.06,2,0.15,1.155,0.65,0.105,0.097,20,1
28,0.05,1.8,0.06,2,0.2,1.155,0.65,0.105,0.097,20,1
28,0.05,1.8,0.06,3,0.1,0.704,0.565,0.105,0.045,23,0
28,0.05,1.8,0.06,3,0.15,0.704,0.565,0.105,0.045,23,0
28,0.05,1.8,0.06,3,0.2,0.704,0.565,0.105,0.045,23,0
28,0.05,2.0,0.04,2,0.1,-0.464,0.222,0.11,-0.026,9,0
28,0.05,2.0,0.04,2,0.15,0.089,0.417,0.11,0.003,12,0
28,0.05,2.0,0.04,2,0.2,0.089,0.417,0.11,0.003,12,0
28,0.05,2.0,0.04,3,0.1,-0.175,0.385,0.1,-0.009,13,0
28,0.05,2.0,0.04,3,0.15,-0.175,0.385,0.1,-0.009,13,0
28,0.05,2.0,0.04,3,0.2,-0.175,0.385,0.1,-0.009,13,0
28,0.05,2.0,0.05,2,0.1,0.448,0.5,0.11,0.027,12,0
28,0.05,2.0,0.05,2,0.15,0.448,0.5,0.11,0.027,12,0
28,0.05,2.0,0.05,2,0.2,0.448,0.5,0.11,0.027,12,0
28,0.05,2.0,0.05,3,0.1,0.153,0.462,0.099,0.006,13,0
28,0.05,2.0,0.05,3,0.15,0.153,0.462,0.099,0.006,13,0
28,0.05,2.0,0.05,3,0.2,0.153,0.462,0.099,0.006,13,0
28,0.05,2.0,0.06,2,0.1,0.655,0.545,0.105,0.041,11,0
28,0.05,2.0,0.06,2,0.15,0.655,0.545,0.105,0.041,11,0
28,0.05,2.0,0.06,2,0.2,0.655,0.545,0.105,0.041,11,0
28,0.05,2.0,0.06,3,0.1,0.3,0.462,0.099,0.014,13,0
28,0.05,2.0,0.06,3,0.15,0.3,0.462,0.099,0.014,13,0
28,0.05,2.0,0.06,3,0.2,0.3,0.462,0.099,0.014,13,0
28,0.06,1.5,0.04,2,0.1,0.459,0.538,0.103,0.031,13,0
28,0.06,1.5,0.04,2,0.15,-0.042,0.438,0.177,-0.007,16,0
28,0.06,1.5,0.04,2,0.2,-0.337,0.389,0.223,-0.032,18,0
28,0.06,1.5,0.04,3,0.1,-0.173,0.412,0.132,-0.013,17,0
28,0.06,1.5,0.04,3,0.15,0.773,0.583,0.154,0.061,36,0
28,0.06,1.5,0.04,3,0.2,0.773,0.583,0.154,0.061,36,0
28,0.06,1.5,0.05,2,0.1,0.177,0.5,0.115,0.01,12,0
28,0.06,1.5,0.05,2,0.15,1.127,0.679,0.141,0.125,28,1
28,0.06,1.5,0.05,2,0.2,1.127,0.679,0.141,0.125,28,1
28,0.06,1.5,0.05,3,0.1,1.103,0.667,0.119,0.089,33,1
28,0.06,1.5,0.05,3,0.15,1.103,0.667,0.119,0.089,33,1
28,0.06,1.5,0.05,3,0.2,1.103,0.667,0.119,0.089,33,1
28,0.06,1.5,0.06,2,0.1,0.136,0.455,0.115,0.007,11,0
28,0.06,1.5,0.06,2,0.15,1.074,0.667,0.141,0.118,27,1
28,0.06,1.5,0.06,2,0.2,1.074,0.667,0.141,0.118,27,1
28,0.06,1.5,0.06,3,0.1,1.052,0.656,0.119,0.084,32,1
28,0.06,1.5,0.06,3,0.15,1.052,0.656,0.119,0.084,32,1
28,0.06,1.5,0.06,3,0.2,1.052,0.656,0.119,0.084,32,1
28,0.06,1.8,0.04,2,0.1,0.932,0.571,0.134,0.075,21,1
28,0.06,1.8,0.04,2,0.15,0.932,0.571,0.134,0.075,21,1
28,0.06,1.8,0.04,2,0.2,0.932,0.571,0.134,0.075,21,1
28,0.06,1.8,0.04,3,0.1,0.843,0.583,0.116,0.051,24,1
28,0.06,1.8,0.04,3,0.15,0.843,0.583,0.116,0.051,24,1
28,0.06,1.8,0.04,3,0.2,0.843,0.583,0.116,0.051,24,1
28,0.06,1.8,0.05,2,0.1,1.069,0.632,0.11,0.088,19,1
28,0.06,1.8,0.05,2,0.15,1.069,0.632,0.11,0.088,19,1
28,0.06,1.8,0.05,2,0.2,1.069,0.632,0.11,0.088,19,1
28,0.06,1.8,0.05,3,0.1,0.817,0.591,0.105,0.051,22,1
28,0.06,1.8,0.05,3,0.15,0.817,0.591,0.105,0.051,22,1
28,0.06,1.8,0.05,3,0.2,0.817,0.591,0.105,0.051,22,1
28,0.06,1.8,0.06,2,0.1,1.084,0.647,0.105,0.087,17,1
28,0.06,1.8,0.06,2,0.15,1.084,0.647,0.105,0.087,17,1
28,0.06,1.8,0.06,2,0.2,1.084,0.647,0.105,0.087,17,1
28,0.06,1.8,0.06,3,0.1,0.849,0.591,0.105,0.054,22,1
28,0.06,1.8,0.06,3,0.15,0.849,0.591,0.105,0.054,22,1
28,0.06,1.8,0.06,3,0.2,0.849,0.591,0.105,0.054,22,1
28,0.06,2.0,0.04,2,0.1,-0.102,0.286,0.11,-0.006,7,0
28,0.06,2.0,0.04,2,0.15,0.294,0.444,0.11,0.014,9,0
28,0.06,2.0,0.04,2,0.2,0.294,0.444,0.11,0.014,9,0
28,0.06,2.0,0.04,3,0.1,0.115,0.455,0.1,0.004,11,0
28,0.06,2.0,0.04,3,0.15,0.115,0.455,0.1,0.004,11,0
28,0.06,2.0,0.04,3,0.2,0.115,0.455,0.1,0.004,11,0
28,0.06,2.0,0.05,2,0.1,0.799,0.6,0.11,0.048,10,0
28,0.06,2.0,0.05,2,0.15,0.799,0.6,0.11,0.048,10,0
28,0.06,2.0,0.05,2,0.2,0.799,0.6,0.11,0.048,10,0
28,0.06,2.0,0.05,3,0.1,0.432,0.545,0.099,0.02,11,0
28,0.06,2.0,0.05,3,0.15,0.432,0.545,0.099,0.02,11,0
28,0.06,2.0,0.05,3,0.2,0.432,0.545,0.099,0.02,11,0
28,0.06,2.0,0.06,2,0.1,0.799,0.6,0.11,0.048,10,0
28,0.06,2.0,0.06,2,0.15,0.799,0.6,0.11,0.048,10,0
28,0.06,2.0,0.06,2,0.2,0.799,0.6,0.11,0.048,10,0
28,0.06,2.0,0.06,3,0.1,0.432,0.545,0.099,0.02,11,0
28,0.06,2.0,0.06,3,0.15,0.432,0.545,0.099,0.02,11,0
28,0.06,2.0,0.06,3,0.2,0.432,0.545,0.099,0.02,11,0
30,0.04,1.5,0.04,2,0.1,0.488,0.579,0.103,0.036,19,0
30,0.04,1.5,0.04,2,0.15,0.026,0.5,0.177,-0.002,22,0
30,0.04,1.5,0.04,2,0.2,-0.244,0.458,0.222,-0.026,24,0
30,0.04,1.5,0.04,3,0.1,0.24,0.516,0.142,0.015,31,0
30,0.04,1.5,0.04,3,0.15,0.03,0.485,0.171,-0.001,33,0
30,0.04,1.5,0.04,3,0.2,0.991,0.597,0.197,0.092,62,1
30,0.04,1.5,0.05,2,0.1,-0.175,0.5,0.103,-0.011,8,0
30,0.04,1.5,0.05,2,0.15,0.974,0.643,0.141,0.121,42,1
30,0.04,1.5,0.05,2,0.2,0.974,0.643,0.141,0.121,42,1
30,0.04,1.5,0.05,3,0.1,0.222,0.552,0.132,0.013,29,0
30,0.04,1.5,0.05,3,0.15,1.151,0.638,0.137,0.107,58,1
30,0.04,1.5,0.05,3,0.2,1.151,0.638,0.137,0.107,58,1
30,0.04,1.5,0.06,2,0.1,-0.175,0.5,0.103,-0.011,8,0
30,0.04,1.5,0.06,2,0.15,0.83,0.634,0.141,0.1,41,1
30,0.04,1.5,0.06,2,0.2,0.83,0.634,0.141,0.1,41,1
30,0.04,1.5,0.06,3,0.1,0.158,0.536,0.132,0.009,28,0
30,0.04,1.5,0.06,3,0.15,1.049,0.632,0.137,0.097,57,1
30,0.04,1.5,0.06,3,0.2,1.049,0.632,0.137,0.097,57,1
30,0.04,1.8,0.04,2,0.1,0.249,0.5,0.116,0.014,18,0
30,0.04,1.8,0.04,2,0.15,1.005,0.621,0.119,0.085,29,1
30,0.04,1.8,0.04,2,0.2,1.005,0.621,0.119,0.085,29,1
30,0.04,1.8,0.04,3,0.1,1.246,0.615,0.097,0.089,39,1
30,0.04,1.8,0.04,3,0.15,1.246,0.615,0.097,0.089,39,1
30,0.04,1.8,0.04,3,0.2,1.246,0.615,0.097,0.089,39,1
30,0.04,1.8,0.05,2,0.1,0.817,0.593,0.113,0.067,27,1
30,0.04,1.8,0.05,2,0.15,0.817,0.593,0.113,0.067,27,1
30,0.04,1.8,0.05,2,0.2,0.817,0.593,0.113,0.067,27,1
30,0.04,1.8,0.05,3,0.1,1.063,0.611,0.083,0.076,36,1
30,0.04,1.8,0.05,3,0.15,1.063,0.611,0.083,0.076,36,1
30,0.04,1.8,0.05,3,0.2,1.063,0.611,0.083,0.076,36,1
30,0.04,1.8,0.06,2,0.1,0.852,0.593,0.113,0.071,27,1
30,0.04,1.8,0.06,2,0.15,0.852,0.593,0.113,0.071,27,1
30,0.04,1.8,0.06,2,0.2,0.852,0.593,0.113,0.071,27,1
30,0.04,1.8,0.06,3,0.1,1.188,0.611,0.083,0.087,36,1
30,0.04,1.8,0.06,3,0.15,1.188,0.611,0.083,0.087,36,1
30,0.04,1.8,0.06,3,0.2,1.188,0.611,0.083,0.087,36,1
30,0.04,2.0,0.04,2,0.1,-0.37,0.273,0.11,-0.019,11,0
30,0.04,2.0,0.04,2,0.15,0.332,0.471,0.113,0.018,17,0
30,0.04,2.0,0.04,2,0.2,0.332,0.471,0.113,0.018,17,0
30,0.04,2.0,0.04,3,0.1,0.258,0.48,0.091,0.014,25,0
30,0.04,2.0,0.04,3,0.15,0.258,0.48,0.091,0.014,25,0
30,0.04,2.0,0.04,3,0.2,0.258,0.48,0.091,0.014,25,0
30,0.04,2.0,0.05,2,0.1,0.604,0.556,0.091,0.039,18,0
30,0.04,2.0,0.05,2,0.15,0.604,0.556,0.091,0.039,18,0
30,0.04,2.0,0.05,2,0.2,0.604,0.556,0.091,0.039,18,0
30,0.04,2.0,0.05,3,0.1,0.404,0.52,0.092,0.024,25,0
30,0.04,2.0,0.05,3,0.15,0.404,0.52,0.092,0.024,25,0
30,0.04,2.0,0.05,3,0.2,0.404,0.52,0.092,0.024,25,0
30,0.04,2.0,0.06,2,0.1,0.76,0.556,0.091,0.051,18,0
30,0.04,2.0,0.06,2,0.15,0.76,0.556,0.091,0.051,18,0
30,0.04,2.0,0.06,2,0.2,0.76,0.556,0.091,0.051,18,0
30,0.04,2.0,0.06,3,0.1,0.428,0.5,0.092,0.026,24,0
30,0.04,2.0,0.06,3,0.15,0.428,0.5,0.092,0.026,24,0
30,0.04,2.0,0.06,3,0.2,0.428,0.5,0.092,0.026,24,0
30,0.05,1.5,0.04,2,0.1,0.661,0.533,0.103,0.046,15,0
30,0.05,1.5,0.04,2,0.15,0.136,0.444,0.177,0.007,18,0
30,0.05,1.5,0.04,2,0.2,-0.163,0.4,0.222,-0.017,20,0
30,0.05,1.5,0.04,3,0.1,0.018,0.44,0.142,-0.001,25,0
30,0.05,1.5,0.04,3,0.15,-0.211,0.407,0.17,-0.016,27,0
30,0.05,1.5,0.04,3,0.2,0.854,0.556,0.197,0.071,54,1
30,0.05,1.5,0.05,2,0.1,0.426,0.533,0.115,0.029,15,0
30,0.05,1.5,0.05,2,0.15,0.956,0.583,0.141,0.109,36,1
30,0.05,1.5,0.05,2,0.2,0.956,0.583,0.141,0.109,36,1
30,0.05,1.5,0.05,3,0.1,-0.02,0.478,0.132,-0.004,23,0
30,0.05,1.5,0.05,3,0.15,0.995,0.6,0.137,0.085,50,1
30,0.05,1.5,0.05,3,0.2,0.995,0.6,0.137,0.085,50,1
30,0.05,1.5,0.06,2,0.1,0.365,0.5,0.115,0.024,14,0
30,0.05,1.5,0.06,2,0.15,0.943,0.583,0.141,0.107,36,1
30,0.05,1.5,0.06,2,0.2,0.943,0.583,0.141,0.107,36,1
30,0.05,1.5,0.06,3,0.1,-0.094,0.455,0.132,-0.008,22,0
30,0.05,1.5,0.06,3,0.15,0.838,0.583,0.137,0.069,48,1
30,0.05,1.5,0.06,3,0.2,0.838,0.583,0.137,0.069,48,1
30,0.05,1.8,0.04,2,0.1,-0.254,0.286,0.116,-0.017,14,0
30,0.05,1.8,0.04,2,0.15,0.716,0.5,0.109,0.055,24,0
30,0.05,1.8,0.04,2,0.2,0.716,0.5,0.109,0.055,24,0
30,0.05,1.8,0.04,3,0.1,1.004,0.548,0.098,0.064,31,1
30,0.05,1.8,0.04,3,0.15,1.004,0.548,0.098,0.064,31,1
30,0.05,1.8,0.04,3,0.2,1.004,0.548,0.098,0.064,31,1
30,0.05,1.8,0.05,2,0.1,-0.178,0.364,0.1,-0.012,11,0
30,0.05,1.8,0.05,2,0.15,0.71,0.542,0.115,0.056,24,0
30,0.05,1.8,0.05,2,0.2,0.71,0.542,0.115,0.056,24,0
30,0.05,1.8,0.05,3,0.1,0.97,0.567,0.101,0.066,30,1
30,0.05,1.8,0.05,3,0.15,0.97,0.567,0.101,0.066,30,1
30,0.05,1.8,0.05,3,0.2,0.97,0.567,0.101,0.066,30,1
30,0.05,1.8,0.06,2,0.1,0.785,0.5,0.118,0.063,24,0
30,0.05,1.8,0.06,2,0.15,0.785,0.5,0.118,0.063,24,0
30,0.05,1.8,0.06,2,0.2,0.785,0.5,0.118,0.063,24,0
30,0.05,1.8,0.06,3,0.1,0.89,0.552,0.091,0.058,29,1
30,0.05,1.8,0.06,3,0.15,0.89,0.552,0.091,0.058,29,1
30,0.05,1.8,0.06,3,0.2,0.89,0.552,0.091,0.058,29,1
30,0.05,2.0,0.04,2,0.1,-0.537,0.182,0.115,-0.028,11,0
30,0.05,2.0,0.04,2,0.15,0.034,0.333,0.107,0.0,15,0
30,0.05,2.0,0.04,2,0.2,0.034,0.333,0.107,0.0,15,0
30,0.05,2.0,0.04,3,0.1,-0.856,0.154,0.105,-0.045,13,0
30,0.05,2.0,0.04,3,0.15,-0.153,0.368,0.101,-0.011,19,0
30,0.05,2.0,0.04,3,0.2,-0.153,0.368,0.101,-0.011,19,0
30,0.05,2.0,0.05,2,0.1,0.263,0.4,0.108,0.015,15,0
30,0.05,2.0,0.05,2,0.15,0.263,0.4,0.108,0.015,15,0
30,0.05,2.0,0.05,2,0.2,0.263,0.4,0.108,0.015,15,0
30,0.05,2.0,0.05,3,0.1,0.023,0.421,0.101,-0.0,19,0
30,0.05,2.0,0.05,3,0.15,0.023,0.421,0.101,-0.0,19,0
30,0.05,2.0,0.05,3,0.2,0.023,0.421,0.101,-0.0,19,0
30,0.05,2.0,0.06,2,0.1,0.565,0.438,0.108,0.036,16,0
30,0.05,2.0,0.06,2,0.15,0.565,0.438,0.108,0.036,16,0
30,0.05,2.0,0.06,2,0.2,0.565,0.438,0.108,0.036,16,0
30,0.05,2.0,0.06,3,0.1,0.149,0.421,0.1,0.007,19,0
30,0.05,2.0,0.06,3,0.15,0.149,0.421,0.1,0.007,19,0
30,0.05,2.0,0.06,3,0.2,0.149,0.421,0.1,0.007,19,0
30,0.06,1.5,0.04,2,0.1,0.468,0.5,0.103,0.032,14,0
30,0.06,1.5,0.04,2,0.15,0.109,0.438,0.156,0.005,16,0
30,0.06,1.5,0.04,2,0.2,-0.31,0.368,0.223,-0.03,19,0
30,0.06,1.5,0.04,3,0.1,-0.18,0.409,0.144,-0.016,22,0
30,0.06,1.5,0.04,3,0.15,-0.246,0.4,0.161,-0.022,25,0
30,0.06,1.5,0.04,3,0.2,0.84,0.587,0.161,0.075,46,1
30,0.06,1.5,0.05,2,0.1,0.084,0.462,0.115,0.003,13,0
30,0.06,1.5,0.05,2,0.15,0.901,0.613,0.141,0.1,31,1
30,0.06,1.5,0.05,2,0.2,0.901,0.613,0.141,0.1,31,1
30,0.06,1.5,0.05,3,0.1,0.995,0.643,0.119,0.091,42,1
30,0.06,1.5,0.05,3,0.15,0.995,0.643,0.119,0.091,42,1
30,0.06,1.5,0.05,3,0.2,0.995,0.643,0.119,0.091,42,1
30,0.06,1.5,0.06,2,0.1,0.042,0.417,0.115,0.0,12,0
30,0.06,1.5,0.06,2,0.15,0.912,0.613,0.141,0.103,31,1
30,0.06,1.5,0.06,2,0.2,0.912,0.613,0.141,0.103,31,1
30,0.06,1.5,0.06,3,0.1,-0.194,0.412,0.123,-0.016,17,0
30,0.06,1.5,0.06,3,0.15,0.838,0.625,0.136,0.075,40,1
30,0.06,1.5,0.06,3,0.2,0.838,0.625,0.136,0.075,40,1
30,0.06,1.8,0.04,2,0.1,1.175,0.591,0.113,0.095,22,1
30,0.06,1.8,0.04,2,0.15,1.175,0.591,0.113,0.095,22,1
30,0.06,1.8,0.04,2,0.2,1.175,0.591,0.113,0.095,22,1
30,0.06,1.8,0.04,3,0.1,1.146,0.593,0.105,0.072,27,1
30,0.06,1.8,0.04,3,0.15,1.146,0.593,0.105,0.072,27,1
30,0.06,1.8,0.04,3,0.2,1.146,0.593,0.105,0.072,27,1
30,0.06,1.8,0.05,2,0.1,1.111,0.6,0.108,0.09,20,1
30,0.06,1.8,0.05,2,0.15,0.95,0.571,0.117,0.08,21,1
30,0.06,1.8,0.05,2,0.2,0.95,0.571,0.117,0.08,21,1
30,0.06,1.8,0.05,3,0.1,1.019,0.6,0.106,0.067,25,1
30,0.06,1.8,0.05,3,0.15,1.019,0.6,0.106,0.067,25,1
30,0.06,1.8,0.05,3,0.2,1.019,0.6,0.106,0.067,25,1
30,0.06,1.8,0.06,2,0.1,1.178,0.632,0.104,0.096,19,1
30,0.06,1.8,0.06,2,0.15,1.135,0.619,0.113,0.101,21,1
30,0.06,1.8,0.06,2,0.2,1.135,0.619,0.113,0.101,21,1
30,0.06,1.8,0.06,3,0.1,1.139,0.615,0.115,0.08,26,1
30,0.06,1.8,0.06,3,0.15,1.139,0.615,0.115,0.08,26,1
30,0.06,1.8,0.06,3,0.2,1.139,0.615,0.115,0.08,26,1
30,0.06,2.0,0.04,2,0.1,0.665,0.455,0.092,0.032,11,0
30,0.06,2.0,0.04,2,0.15,0.665,0.455,0.092,0.032,11,0
30,0.06,2.0,0.04,2,0.2,0.665,0.455,0.092,0.032,11,0
30,0.06,2.0,0.04,3,0.1,0.547,0.5,0.09,0.025,14,0
30,0.06,2.0,0.04,3,0.15,0.547,0.5,0.09,0.025,14,0
30,0.06,2.0,0.04,3,0.2,0.547,0.5,0.09,0.025,14,0
30,0.06,2.0,0.05,2,0.1,1.043,0.636,0.103,0.064,11,0
30,0.06,2.0,0.05,2,0.15,1.043,0.636,0.103,0.064,11,0
30,0.06,2.0,0.05,2,0.2,1.043,0.636,0.103,0.064,11,0
30,0.06,2.0,0.05,3,0.1,0.709,0.571,0.1,0.035,14,0
30,0.06,2.0,0.05,3,0.15,0.709,0.571,0.1,0.035,14,0
30,0.06,2.0,0.05,3,0.2,0.709,0.571,0.1,0.035,14,0
30,0.06,2.0,0.06,2,0.1,1.043,0.636,0.103,0.064,11,0
30,0.06,2.0,0.06,2,0.15,1.043,0.636,0.103,0.064,11,0
30,0.06,2.0,0.06,2,0.2,1.043,0.636,0.103,0.064,11,0
30,0.06,2.0,0.06,3,0.1,0.709,0.571,0.1,0.035,14,0
30,0.06,2.0,0.06,3,0.15,0.709,0.571,0.1,0.035,14,0
30,0.06,2.0,0.06,3,0.2,0.709,0.571,0.1,0.035,14,0
33,0.04,1.5,0.04,2,0.1,1.033,0.6,0.103,0.113,25,1
33,0.04,1.5,0.04,2,0.15,0.702,0.536,0.169,0.076,28,0
33,0.04,1.5,0.04,2,0.2,0.49,0.5,0.212,0.052,30,0
33,0.04,1.5,0.04,3,0.1,0.69,0.528,0.131,0.061,36,0
33,0.04,1.5,0.04,3,0.15,0.582,0.488,0.185,0.055,41,0
33,0.04,1.5,0.04,3,0.2,0.48,0.465,0.207,0.045,43,0
33,0.04,1.5,0.05,2,0.1,0.596,0.583,0.143,0.062,24,0
33,0.04,1.5,0.05,2,0.15,0.401,0.556,0.201,0.041,27,0
33,0.04,1.5,0.05,2,0.2,0.401,0.556,0.201,0.041,27,0
33,0.04,1.5,0.05,3,0.1,0.67,0.541,0.12,0.062,37,0
33,0.04,1.5,0.05,3,0.15,1.773,0.636,0.125,0.266,77,1
33,0.04,1.5,0.05,3,0.2,1.773,0.636,0.125,0.266,77,1
33,0.04,1.5,0.06,2,0.1,0.69,0.609,0.142,0.073,23,0
33,0.04,1.5,0.06,2,0.15,0.576,0.571,0.193,0.065,28,0
33,0.04,1.5,0.06,2,0.2,0.444,0.531,0.206,0.049,32,0
33,0.04,1.5,0.06,3,0.1,0.493,0.514,0.12,0.044,35,0
33,0.04,1.5,0.06,3,0.15,1.441,0.622,0.125,0.204,74,1
33,0.04,1.5,0.06,3,0.2,1.441,0.622,0.125,0.204,74,1
33,0.04,1.8,0.04,2,0.1,-0.193,0.476,0.12,-0.017,21,0
33,0.04,1.8,0.04,2,0.15,-0.337,0.5,0.152,-0.033,32,0
33,0.04,1.8,0.04,2,0.2,0.141,0.541,0.16,0.009,37,0
33,0.04,1.8,0.04,3,0.1,0.642,0.571,0.105,0.047,49,0
33,0.04,1.8,0.04,3,0.15,0.642,0.571,0.105,0.047,49,0
33,0.04,1.8,0.04,3,0.2,0.642,0.571,0.105,0.047,49,0
33,0.04,1.8,0.05,2,0.1,0.429,0.595,0.102,0.04,37,0
33,0.04,1.8,0.05,2,0.15,0.429,0.595,0.102,0.04,37,0
33,0.04,1.8,0.05,2,0.2,0.429,0.595,0.102,0.04,37,0
33,0.04,1.8,0.05,3,0.1,0.416,0.574,0.108,0.03,47,0
33,0.04,1.8,0.05,3,0.15,0.416,0.574,0.108,0.03,47,0
33,0.04,1.8,0.05,3,0.2,0.416,0.574,0.108,0.03,47,0
33,0.04,1.8,0.06,2,0.1,0.459,0.588,0.094,0.043,34,0
33,0.04,1.8,0.06,2,0.15,0.459,0.588,0.094,0.043,34,0
33,0.04,1.8,0.06,2,0.2,0.459,0.588,0.094,0.043,34,0
33,0.04,1.8,0.06,3,0.1,0.71,0.587,0.097,0.055,46,0
33,0.04,1.8,0.06,3,0.15,0.71,0.587,0.097,0.055,46,0
33,0.04,1.8,0.06,3,0.2,0.71,0.587,0.097,0.055,46,0
33,0.04,2.0,0.04,2,0.1,0.35,0.5,0.104,0.025,24,0
33,0.04,2.0,0.04,2,0.15,0.35,0.5,0.104,0.025,24,0
33,0.04,2.0,0.04,2,0.2,0.35,0.5,0.104,0.025,24,0
33,0.04,2.0,0.04,3,0.1,0.134,0.483,0.087,0.007,29,0
33,0.04,2.0,0.04,3,0.15,0.134,0.483,0.087,0.007,29,0
33,0.04,2.0,0.04,3,0.2,0.134,0.483,0.087,0.007,29,0
33,0.04,2.0,0.05,2,0.1,0.459,0.565,0.086,0.036,23,0
33,0.04,2.0,0.05,2,0.15,0.459,0.565,0.086,0.036,23,0
33,0.04,2.0,0.05,2,0.2,0.459,0.565,0.086,0.036,23,0
33,0.04,2.0,0.05,3,0.1,0.278,0.533,0.073,0.017,30,0
33,0.04,2.0,0.05,3,0.15,0.278,0.533,0.073,0.017,30,0
33,0.04,2.0,0.05,3,0.2,0.278,0.533,0.073,0.017,30,0
33,0.04,2.0,0.06,2,0.1,0.579,0.565,0.081,0.047,23,0
33,0.04,2.0,0.06,2,0.15,0.579,0.565,0.081,0.047,23,0
33,0.04,2.0,0.06,2,0.2,0.579,0.565,0.081,0.047,23,0
33,0.04,2.0,0.06,3,0.1,0.388,0.533,0.07,0.025,30,0
33,0.04,2.0,0.06,3,0.15,0.388,0.533,0.07,0.025,30,0
33,0.04,2.0,0.06,3,0.2,0.388,0.533,0.07,0.025,30,0
33,0.05,1.5,0.04,2,0.1,1.125,0.6,0.103,0.124,20,1
33,0.05,1.5,0.04,2,0.15,0.788,0.522,0.17,0.087,23,0
33,0.05,1.5,0.04,2,0.2,0.572,0.48,0.212,0.062,25,0
33,0.05,1.5,0.04,3,0.1,1.09,0.548,0.126,0.101,31,1
33,0.05,1.5,0.04,3,0.15,0.725,0.486,0.185,0.068,35,0
33,0.05,1.5,0.04,3,0.2,0.627,0.472,0.202,0.058,36,0
33,0.05,1.5,0.05,2,0.1,0.671,0.55,0.143,0.071,20,0
33,0.05,1.5,0.05,2,0.15,0.573,0.542,0.193,0.064,24,0
33,0.05,1.5,0.05,2,0.2,1.55,0.609,0.196,0.28,46,1
33,0.05,1.5,0.05,3,0.1,1.025,0.581,0.114,0.099,31,1
33,0.05,1.5,0.05,3,0.15,2.08,0.656,0.125,0.304,64,1
33,0.05,1.5,0.05,3,0.2,2.08,0.656,0.125,0.304,64,1
33,0.05,1.5,0.06,2,0.1,0.868,0.579,0.142,0.094,19,1
33,0.05,1.5,0.06,2,0.15,0.753,0.565,0.193,0.087,23,0
33,0.05,1.5,0.06,2,0.2,1.616,0.614,0.199,0.251,44,1
33,0.05,1.5,0.06,3,0.1,0.865,0.552,0.114,0.078,29,1
33,0.05,1.5,0.06,3,0.15,1.927,0.645,0.125,0.27,62,1
33,0.05,1.5,0.06,3,0.2,1.927,0.645,0.125,0.27,62,1
33,0.05,1.8,0.04,2,0.1,0.434,0.5,0.114,0.036,32,0
33,0.05,1.8,0.04,2,0.15,0.434,0.5,0.114,0.036,32,0
33,0.05,1.8,0.04,2,0.2,0.434,0.5,0.114,0.036,32,0
33,0.05,1.8,0.04,3,0.1,0.735,0.525,0.105,0.056,40,0
33,0.05,1.8,0.04,3,0.15,0.735,0.525,0.105,0.056,40,0
33,0.05,1.8,0.04,3,0.2,0.735,0.525,0.105,0.056,40,0
33,0.05,1.8,0.05,2,0.1,0.476,0.533,0.11,0.041,30,0
33,0.05,1.8,0.05,2,0.15,0.376,0.5,0.119,0.033,30,0
33,0.05,1.8,0.05,2,0.2,0.376,0.5,0.119,0.033,30,0
33,0.05,1.8,0.05,3,0.1,0.634,0.538,0.108,0.049,39,0
33,0.05,1.8,0.05,3,0.15,0.634,0.538,0.108,0.049,39,0
33,0.05,1.8,0.05,3,0.2,0.634,0.538,0.108,0.049,39,0
33,0.05,1.8,0.06,2,0.1,0.459,0.517,0.105,0.041,29,0
33,0.05,1.8,0.06,2,0.15,0.459,0.517,0.105,0.041,29,0
33,0.05,1.8,0.06,2,0.2,0.459,0.517,0.105,0.041,29,0
33,0.05,1.8,0.06,3,0.1,0.714,0.526,0.097,0.057,38,0
33,0.05,1.8,0.06,3,0.15,0.714,0.526,0.097,0.057,38,0
33,0.05,1.8,0.06,3,0.2,0.714,0.526,0.097,0.057,38,0
33,0.05,2.0,0.04,2,0.1,0.392,0.455,0.086,0.028,22,0
33,0.05,2.0,0.04,2,0.15,0.392,0.455,0.086,0.028,22,0
33,0.05,2.0,0.04,2,0.2,0.392,0.455,0.086,0.028,22,0
33,0.05,2.0,0.04,3,0.1,0.141,0.44,0.081,0.007,25,0
33,0.05,2.0,0.04,3,0.15,0.141,0.44,0.081,0.007,25,0
33,0.05,2.0,0.04,3,0.2,0.141,0.44,0.081,0.007,25,0
33,0.05,2.0,0.05,2,0.1,0.385,0.476,0.086,0.029,21,0
33,0.05,2.0,0.05,2,0.15,0.385,0.476,0.086,0.029,21,0
33,0.05,2.0,0.05,2,0.2,0.385,0.476,0.086,0.029,21,0
33,0.05,2.0,0.05,3,0.1,0.241,0.48,0.079,0.014,25,0
33,0.05,2.0,0.05,3,0.15,0.241,0.48,0.079,0.014,25,0
33,0.05,2.0,0.05,3,0.2,0.241,0.48,0.079,0.014,25,0
33,0.05,2.0,0.06,2,0.1,0.54,0.5,0.081,0.042,20,0
33,0.05,2.0,0.06,2,0.15,0.54,0.5,0.081,0.042,20,0
33,0.05,2.0,0.06,2,0.2,0.54,0.5,0.081,0.042,20,0
33,0.05,2.0,0.06,3,0.1,0.368,0.48,0.076,0.023,25,0
33,0.05,2.0,0.06,3,0.15,0.368,0.48,0.076,0.023,25,0
33,0.05,2.0,0.06,3,0.2,0.368,0.48,0.076,0.023,25,0
33,0.06,1.5,0.04,2,0.1,1.078,0.611,0.103,0.124,18,1
33,0.06,1.5,0.04,2,0.15,0.759,0.524,0.17,0.087,21,0
33,0.06,1.5,0.04,2,0.2,0.45,0.458,0.233,0.049,24,0
33,0.06,1.5,0.04,3,0.1,0.594,0.5,0.125,0.057,24,0
33,0.06,1.5,0.04,3,0.15,0.684,0.5,0.155,0.072,28,0
33,0.06,1.5,0.04,3,0.2,1.316,0.582,0.176,0.187,55,1
33,0.06,1.5,0.05,2,0.1,0.8,0.579,0.143,0.091,19,0
33,0.06,1.5,0.05,2,0.15,0.526,0.524,0.201,0.058,21,0
33,0.06,1.5,0.05,2,0.2,0.526,0.524,0.201,0.058,21,0
33,0.06,1.5,0.05,3,0.1,0.592,0.542,0.124,0.059,24,0
33,0.06,1.5,0.05,3,0.15,1.758,0.66,0.137,0.27,53,1
33,0.06,1.5,0.05,3,0.2,1.758,0.66,0.137,0.27,53,1
33,0.06,1.5,0.06,2,0.1,0.789,0.579,0.143,0.09,19,0
33,0.06,1.5,0.06,2,0.15,0.515,0.524,0.201,0.057,21,0
33,0.06,1.5,0.06,2,0.2,0.515,0.524,0.201,0.057,21,0
33,0.06,1.5,0.06,3,0.1,0.584,0.542,0.124,0.058,24,0
33,0.06,1.5,0.06,3,0.15,1.701,0.66,0.137,0.26,53,1
33,0.06,1.5,0.06,3,0.2,1.701,0.66,0.137,0.26,53,1
33,0.06,1.8,0.04,2,0.1,0.826,0.538,0.117,0.071,26,1
33,0.06,1.8,0.04,2,0.15,0.826,0.538,0.117,0.071,26,1
33,0.06,1.8,0.04,2,0.2,0.826,0.538,0.117,0.071,26,1
33,0.06,1.8,0.04,3,0.1,1.112,0.581,0.101,0.078,31,1
33,0.06,1.8,0.04,3,0.15,1.112,0.581,0.101,0.078,31,1
33,0.06,1.8,0.04,3,0.2,1.112,0.581,0.101,0.078,31,1
33,0.06,1.8,0.05,2,0.1,0.916,0.609,0.104,0.081,23,1
33,0.06,1.8,0.05,2,0.15,0.904,0.6,0.113,0.086,25,1
33,0.06,1.8,0.05,2,0.2,0.904,0.6,0.113,0.086,25,1
33,0.06,1.8,0.05,3,0.1,1.187,0.613,0.1,0.092,31,1
33,0.06,1.8,0.05,3,0.15,1.187,0.613,0.1,0.092,31,1
33,0.06,1.8,0.05,3,0.2,1.187,0.613,0.1,0.092,31,1
33,0.06,1.8,0.06,2,0.1,0.921,0.625,0.104,0.083,24,1
33,0.06,1.8,0.06,2,0.15,0.804,0.583,0.113,0.074,24,1
33,0.06,1.8,0.06,2,0.2,0.804,0.583,0.113,0.074,24,1
33,0.06,1.8,0.06,3,0.1,1.149,0.613,0.1,0.089,31,1
33,0.06,1.8,0.06,3,0.15,1.149,0.613,0.1,0.089,31,1
33,0.06,1.8,0.06,3,0.2,1.149,0.613,0.1,0.089,31,1
33,0.06,2.0,0.04,2,0.1,0.759,0.5,0.059,0.053,16,0
33,0.06,2.0,0.04,2,0.15,0.759,0.5,0.059,0.053,16,0
33,0.06,2.0,0.04,2,0.2,0.759,0.5,0.059,0.053,16,0
33,0.06,2.0,0.04,3,0.1,0.546,0.5,0.069,0.029,18,0
33,0.06,2.0,0.04,3,0.15,0.546,0.5,0.069,0.029,18,0
33,0.06,2.0,0.04,3,0.2,0.546,0.5,0.069,0.029,18,0
33,0.06,2.0,0.05,2,0.1,0.906,0.6,0.058,0.069,15,1
33,0.06,2.0,0.05,2,0.15,0.906,0.6,0.058,0.069,15,1
33,0.06,2.0,0.05,2,0.2,0.906,0.6,0.058,0.069,15,1
33,0.06,2.0,0.05,3,0.1,0.668,0.556,0.065,0.038,18,0
33,0.06,2.0,0.05,3,0.15,0.668,0.556,0.065,0.038,18,0
33,0.06,2.0,0.05,3,0.2,0.668,0.556,0.065,0.038,18,0
33,0.06,2.0,0.06,2,0.1,0.867,0.6,0.058,0.066,15,1
33,0.06,2.0,0.06,2,0.15,0.867,0.6,0.058,0.066,15,1
33,0.06,2.0,0.06,2,0.2,0.867,0.6,0.058,0.066,15,1
33,0.06,2.0,0.06,3,0.1,0.635,0.556,0.065,0.036,18,0
33,0.06,2.0,0.06,3,0.15,0.635,0.556,0.065,0.036,18,0
33,0.06,2.0,0.06,3,0.2,0.635,0.556,0.065,0.036,18,0
